
Running 37 tests using 2 workers

(node:10048) Warning: The 'NO_COLOR' env is ignored due to the 'FORCE_COLOR' env being set.
(Use `node --trace-warnings ...` to show where the warning was created)
  ok  1 [setup] › Shamel\auth.setup.ts:20:6 › authenticate (4.2s)
(node:6236) Warning: The 'NO_COLOR' env is ignored due to the 'FORCE_COLOR' env being set.
(Use `node --trace-warnings ...` to show where the warning was created)
(node:15296) Warning: The 'NO_COLOR' env is ignored due to the 'FORCE_COLOR' env being set.
(Use `node --trace-warnings ...` to show where the warning was created)
  ok  2 [chromium] › Shamel\srs-material-request.spec.ts:35:7 › UC1 - Material Request list › A new Material Request appears at the top of the list with its values (36.9s)
  x   3 [chromium] › Shamel\srs-material-request.spec.ts:28:7 › UC1 - Material Request list › List shows Status and Transaction Date columns (38.0s)
(node:19144) Warning: The 'NO_COLOR' env is ignored due to the 'FORCE_COLOR' env being set.
(Use `node --trace-warnings ...` to show where the warning was created)
  ok  4 [chromium] › Shamel\srs-material-request.spec.ts:45:7 › UC1 - Material Request list › Total record count matches the number of Material Requests (33.1s)
  ok  6 [chromium] › Shamel\srs-material-request.spec.ts:59:7 › UC1 - Material Request list › Clicking a row opens that Material Request (21.6s)
  ok  5 [chromium] › Shamel\srs-material-request.spec.ts:51:7 › UC1 - Material Request list › Search by ID shows only the matching Material Request (59.3s)
  x   8 [chromium] › Shamel\srs-material-request.spec.ts:78:7 › UC2 - New Material Request form (header and dropdowns) › Price List offers buying price lists only (17.8s)
(node:10324) Warning: The 'NO_COLOR' env is ignored due to the 'FORCE_COLOR' env being set.
(Use `node --trace-warnings ...` to show where the warning was created)
  x   7 [chromium] › Shamel\srs-material-request.spec.ts:73:7 › UC2 - New Material Request form (header and dropdowns) › Request Date defaults to today (32.4s)
(node:6260) Warning: The 'NO_COLOR' env is ignored due to the 'FORCE_COLOR' env being set.
(Use `node --trace-warnings ...` to show where the warning was created)
  x   9 [chromium] › Shamel\srs-material-request.spec.ts:84:7 › UC2 - New Material Request form (header and dropdowns) › Optional fields are not marked mandatory (37.4s)
(node:5336) Warning: The 'NO_COLOR' env is ignored due to the 'FORCE_COLOR' env being set.
(Use `node --trace-warnings ...` to show where the warning was created)
  x  10 [chromium] › Shamel\srs-material-request.spec.ts:94:7 › UC2 - New Material Request form (header and dropdowns) › Warehouse list offers only warehouses of the Material Request company (43.2s)
(node:3612) Warning: The 'NO_COLOR' env is ignored due to the 'FORCE_COLOR' env being set.
(Use `node --trace-warnings ...` to show where the warning was created)
  x  11 [chromium] › Shamel\srs-material-request.spec.ts:101:7 › UC2 - New Material Request form (header and dropdowns) › Warehouse list does not offer group warehouses (22.9s)
(node:14200) Warning: The 'NO_COLOR' env is ignored due to the 'FORCE_COLOR' env being set.
(Use `node --trace-warnings ...` to show where the warning was created)
  x  12 [chromium] › Shamel\srs-material-request.spec.ts:107:7 › UC2 - New Material Request form (header and dropdowns) › Warehouses with the same name can be told apart (34.1s)
(node:9772) Warning: The 'NO_COLOR' env is ignored due to the 'FORCE_COLOR' env being set.
(Use `node --trace-warnings ...` to show where the warning was created)
  x  13 [chromium] › Shamel\srs-material-request.spec.ts:114:7 › UC2 - New Material Request form (header and dropdowns) › Item Code list offers every purchasable item, not only the first 20 (45.2s)
(node:10192) Warning: The 'NO_COLOR' env is ignored due to the 'FORCE_COLOR' env being set.
(Use `node --trace-warnings ...` to show where the warning was created)
  x  14 [chromium] › Shamel\srs-material-request.spec.ts:121:7 › UC2 - New Material Request form (header and dropdowns) › UOM list offers every unit, not only the first 20 (30.6s)
(node:7528) Warning: The 'NO_COLOR' env is ignored due to the 'FORCE_COLOR' env being set.
(Use `node --trace-warnings ...` to show where the warning was created)
  ok 16 [chromium] › Shamel\srs-material-request.spec.ts:137:7 › Server rules behind the form › A warehouse of another company is rejected (18.6s)
  x  17 [chromium] › Shamel\srs-material-request.spec.ts:145:7 › Server rules behind the form › A group warehouse is rejected on a Material Request (6.2s)
(node:5056) Warning: The 'NO_COLOR' env is ignored due to the 'FORCE_COLOR' env being set.
(Use `node --trace-warnings ...` to show where the warning was created)
  x  15 [chromium] › Shamel\srs-material-request.spec.ts:127:7 › UC2 - New Material Request form (header and dropdowns) › Choosing a Terms template fills the Terms and Conditions content (52.4s)
(node:21448) Warning: The 'NO_COLOR' env is ignored due to the 'FORCE_COLOR' env being set.
(Use `node --trace-warnings ...` to show where the warning was created)
  ok 18 [chromium] › Shamel\srs-material-request.spec.ts:156:7 › UC4 - Details of a saved Material Request › Details show the saved header and item values (54.6s)
  ok 19 [chromium] › Shamel\srs-material-request.spec.ts:166:7 › UC4 - Details of a saved Material Request › Details show the saved UOM of each item (49.3s)
  x  20 [chromium] › Shamel\srs-material-request.spec.ts:172:7 › UC4 - Details of a saved Material Request › Material Issue details show the From Warehouse (58.9s)
(node:15404) Warning: The 'NO_COLOR' env is ignored due to the 'FORCE_COLOR' env being set.
(Use `node --trace-warnings ...` to show where the warning was created)
  x  21 [chromium] › Shamel\srs-material-request.spec.ts:178:7 › UC4 - Details of a saved Material Request › Details show the document ID and its status (57.3s)
(node:21184) Warning: The 'NO_COLOR' env is ignored due to the 'FORCE_COLOR' env being set.
(Use `node --trace-warnings ...` to show where the warning was created)
  x  23 [chromium] › Shamel\srs-material-request.spec.ts:196:7 › UC4 - Details of a saved Material Request › A draft Material Request can be submitted (57.3s)
(node:10344) Warning: The 'NO_COLOR' env is ignored due to the 'FORCE_COLOR' env being set.
(Use `node --trace-warnings ...` to show where the warning was created)
  x  22 [chromium] › Shamel\srs-material-request.spec.ts:186:7 › UC4 - Details of a saved Material Request › A submitted Material Request cannot be edited or deleted (2.0m)
(node:8828) Warning: The 'NO_COLOR' env is ignored due to the 'FORCE_COLOR' env being set.
(Use `node --trace-warnings ...` to show where the warning was created)
  x  24 [chromium] › Shamel\srs-material-request.spec.ts:206:7 › UC4 - Details of a saved Material Request › Cancel on a submitted Material Request cancels the document (1.4m)
(node:5368) Warning: The 'NO_COLOR' env is ignored due to the 'FORCE_COLOR' env being set.
(Use `node --trace-warnings ...` to show where the warning was created)
  x  26 [chromium] › Shamel\srs-material-request.spec.ts:226:7 › UC3 - More Info: status and % Ordered › A new submitted Purchase request is Pending with 0% ordered (56.0s)
(node:16804) Warning: The 'NO_COLOR' env is ignored due to the 'FORCE_COLOR' env being set.
(Use `node --trace-warnings ...` to show where the warning was created)
  x  25 [chromium] › Shamel\srs-material-request.spec.ts:215:7 › UC4 - Details of a saved Material Request › A cancelled Material Request shows Cancelled and is read-only (2.3m)
(node:17600) Warning: The 'NO_COLOR' env is ignored due to the 'FORCE_COLOR' env being set.
(Use `node --trace-warnings ...` to show where the warning was created)
  x  28 [chromium] › Shamel\srs-material-request.spec.ts:239:7 › UC3 - More Info: status and % Ordered › Ordering and receiving the full quantity gives Received (3.2m)
(node:21348) Warning: The 'NO_COLOR' env is ignored due to the 'FORCE_COLOR' env being set.
(Use `node --trace-warnings ...` to show where the warning was created)
  x  27 [chromium] › Shamel\srs-material-request.spec.ts:232:7 › UC3 - More Info: status and % Ordered › Ordering part of the quantity gives Partially Ordered and the right % (3.9m)
(node:20856) Warning: The 'NO_COLOR' env is ignored due to the 'FORCE_COLOR' env being set.
(Use `node --trace-warnings ...` to show where the warning was created)
  x  29 [chromium] › Shamel\srs-material-request.spec.ts:248:7 › UC3 - More Info: status and % Ordered › A stopped request shows Stopped (3.2m)
(node:23308) Warning: The 'NO_COLOR' env is ignored due to the 'FORCE_COLOR' env being set.
(Use `node --trace-warnings ...` to show where the warning was created)
  x  30 [chromium] › Shamel\srs-material-request.spec.ts:255:7 › UC3 - More Info: status and % Ordered › Issuing the full quantity of a Material Issue gives Issued (3.2m)
(node:23428) Warning: The 'NO_COLOR' env is ignored due to the 'FORCE_COLOR' env being set.
(Use `node --trace-warnings ...` to show where the warning was created)
  ok 32 [chromium] › Shamel\srs-material-request.spec.ts:273:7 › Connections › Connections list the Purchase Orders and Purchase Receipts made from the request (1.2m)
  ok 33 [chromium] › Shamel\srs-material-request.spec.ts:284:7 › Connections › Connections of a Material Issue list its Stock Entry (55.6s)
  x  31 [chromium] › Shamel\srs-material-request.spec.ts:263:7 › UC3 - More Info: status and % Ordered › Transferring the full quantity of a Material Transfer gives Transferred (3.3m)
(node:22824) Warning: The 'NO_COLOR' env is ignored due to the 'FORCE_COLOR' env being set.
(Use `node --trace-warnings ...` to show where the warning was created)
  ok 35 [chromium] › Shamel\srs-material-request.spec.ts:310:7 › Get Items From › Get Items from offers Sales Order and Product Bundle (21.5s)
  x  34 [chromium] › Shamel\srs-material-request.spec.ts:294:7 › Connections › Connections show who created each linked document (1.3m)
(node:23712) Warning: The 'NO_COLOR' env is ignored due to the 'FORCE_COLOR' env being set.
(Use `node --trace-warnings ...` to show where the warning was created)
  ok 36 [chromium] › Shamel\srs-material-request.spec.ts:316:7 › Get Items From › Sales Order picker lists open orders but not orders on Hold or Closed (1.5m)
  x  37 [chromium] › Shamel\srs-material-request.spec.ts:336:7 › Get Items From › Picking a Sales Order adds its items with their quantities (2.0m)


  1) [chromium] › Shamel\srs-material-request.spec.ts:28:7 › UC1 - Material Request list › List shows Status and Transaction Date columns 

    Error: expect(received).toEqual(expected) // deep equality

    Expected: ArrayContaining ["Status", "Transaction Date"]
    Received: ["", "ID", "Title", "Purpose", "Set Source Warehouse", "Required By", "Set Target Warehouse", "Job Card"]

      30 |     const headers = (await mrPage.table.getByRole('columnheader').allInnerTexts()).map((h) => h.trim());
      31 |     expect.soft(headers).toEqual(expect.arrayContaining(['ID', 'Title', 'Purpose', 'Required By']));
    > 32 |     expect(headers).toEqual(expect.arrayContaining(['Status', 'Transaction Date']));
         |                     ^
      33 |   });
      34 |
      35 |   test('A new Material Request appears at the top of the list with its values', srs('UC1 List: newest first, row shows ID/Title/Purpose/Required By (TC-ML)'), async () => {
        at C:\Playwright_Automation\Shamel\srs-material-request.spec.ts:32:21

    attachment #1: screenshot (image/png) ──────────────────────────────────────────────────────────
    test-results\srs-material-request-UC1---2ded8-nd-Transaction-Date-columns-chromium\test-failed-1.png
    ────────────────────────────────────────────────────────────────────────────────────────────────

    attachment #2: video (video/webm) ──────────────────────────────────────────────────────────────
    test-results\srs-material-request-UC1---2ded8-nd-Transaction-Date-columns-chromium\video.webm
    ────────────────────────────────────────────────────────────────────────────────────────────────

    Error Context: test-results\srs-material-request-UC1---2ded8-nd-Transaction-Date-columns-chromium\error-context.md

  2) [chromium] › Shamel\srs-material-request.spec.ts:73:7 › UC2 - New Material Request form (header and dropdowns) › Request Date defaults to today 

    Error: expect(locator).toHaveValue(expected) failed

    Locator:  getByRole('main').locator('input.flatpickr-input:not([type=hidden])').first()
    Expected: "Oct 7, 2026"
    Received: ""
    Timeout:  15000ms

    Call log:
      - Expect "toHaveValue" getByRole('main').locator('input.flatpickr-input:not([type=hidden])').first() with timeout 15000ms
      - waiting for getByRole('main').locator('input.flatpickr-input:not([type=hidden])').first()
        32 × locator resolved to <input type="text" tabindex="0" readonly="readonly" class="flatpickr-input" placeholder="Select date"/>
           - unexpected value ""


      73 |   test('Request Date defaults to today', srs('UC2 Request Date: default today (TC-AD)'), async () => {
      74 |     const label = new Date(`${today()}T12:00:00`).toLocaleDateString('en-US', { month: 'short', day: 'numeric', year: 'numeric' });
    > 75 |     await expect(mrPage.dateInputs().nth(0)).toHaveValue(label);
         |                                              ^
      76 |   });
      77 |
      78 |   test('Price List offers buying price lists only', srs('UC2 Price List: buying price lists (TC-AD)'), async () => {
        at C:\Playwright_Automation\Shamel\srs-material-request.spec.ts:75:46

    attachment #1: screenshot (image/png) ──────────────────────────────────────────────────────────
    test-results\srs-material-request-UC2---91106-uest-Date-defaults-to-today-chromium\test-failed-1.png
    ────────────────────────────────────────────────────────────────────────────────────────────────

    attachment #2: video (video/webm) ──────────────────────────────────────────────────────────────
    test-results\srs-material-request-UC2---91106-uest-Date-defaults-to-today-chromium\video.webm
    ────────────────────────────────────────────────────────────────────────────────────────────────

    Error Context: test-results\srs-material-request-UC2---91106-uest-Date-defaults-to-today-chromium\error-context.md

  3) [chromium] › Shamel\srs-material-request.spec.ts:78:7 › UC2 - New Material Request form (header and dropdowns) › Price List offers buying price lists only 

    Error: expect(received).toEqual(expected) // deep equality

    - Expected  - 1
    + Received  + 4

    - Array []
    + Array [
    +   "Standard Selling",
    +   "Standard Selling KW",
    + ]

      79 |     const options = await mrPage.options(mrPage.combo('Select Price List'));
      80 |     expect.soft(options).toContain('Standard Buying');
    > 81 |     expect(options.filter((o) => /Selling/i.test(o))).toEqual([]);
         |                                                       ^
      82 |   });
      83 |
      84 |   test('Optional fields are not marked mandatory', srs('UC2/UC3: Price List, Required Before, Terms, Terms content are optional (TC-AD, TC-MI)'), async () => {
        at C:\Playwright_Automation\Shamel\srs-material-request.spec.ts:81:55

    attachment #1: screenshot (image/png) ──────────────────────────────────────────────────────────
    test-results\srs-material-request-UC2---28cc3-ers-buying-price-lists-only-chromium\test-failed-1.png
    ────────────────────────────────────────────────────────────────────────────────────────────────

    attachment #2: video (video/webm) ──────────────────────────────────────────────────────────────
    test-results\srs-material-request-UC2---28cc3-ers-buying-price-lists-only-chromium\video.webm
    ────────────────────────────────────────────────────────────────────────────────────────────────

    Error Context: test-results\srs-material-request-UC2---28cc3-ers-buying-price-lists-only-chromium\error-context.md

  4) [chromium] › Shamel\srs-material-request.spec.ts:84:7 › UC2 - New Material Request form (header and dropdowns) › Optional fields are not marked mandatory 

    Error: Price List

    expect(received).not.toContain(expected) // indexOf

    Expected substring: not "Price List *"
    Received string:        "Welcome Administrator !
    
    AN
    
    Administrator
    admin@example.com
    Add Material Request
    Get Items from
    Details
    Additional Information
    Basic Information
    Series *
    Request Date *
    Purpose *
    Price List *
    Required Before *
    Items
    Scan Barcode
    Items Record
    Add Item
    There are no data yet
    Add data to the table to start managing your records.
    Cancel
    Save"

      84 |   test('Optional fields are not marked mandatory', srs('UC2/UC3: Price List, Required Before, Terms, Terms content are optional (TC-AD, TC-MI)'), async () => {
      85 |     const text = await mrPage.main.innerText();
    > 86 |     for (const label of ['Price List', 'Required Before']) expect.soft(text, label).not.toContain(`${label} *`);
         |                                                                                         ^
      87 |     await mrPage.tab('Additional Information').click();
      88 |     const info = await mrPage.main.innerText();
      89 |     expect.soft(info, 'Terms').not.toMatch(/Terms \*/);
        at C:\Playwright_Automation\Shamel\srs-material-request.spec.ts:86:89

    Error: Required Before

    expect(received).not.toContain(expected) // indexOf

    Expected substring: not "Required Before *"
    Received string:        "Welcome Administrator !
    
    AN
    
    Administrator
    admin@example.com
    Add Material Request
    Get Items from
    Details
    Additional Information
    Basic Information
    Series *
    Request Date *
    Purpose *
    Price List *
    Required Before *
    Items
    Scan Barcode
    Items Record
    Add Item
    There are no data yet
    Add data to the table to start managing your records.
    Cancel
    Save"

      84 |   test('Optional fields are not marked mandatory', srs('UC2/UC3: Price List, Required Before, Terms, Terms content are optional (TC-AD, TC-MI)'), async () => {
      85 |     const text = await mrPage.main.innerText();
    > 86 |     for (const label of ['Price List', 'Required Before']) expect.soft(text, label).not.toContain(`${label} *`);
         |                                                                                         ^
      87 |     await mrPage.tab('Additional Information').click();
      88 |     const info = await mrPage.main.innerText();
      89 |     expect.soft(info, 'Terms').not.toMatch(/Terms \*/);
        at C:\Playwright_Automation\Shamel\srs-material-request.spec.ts:86:89

    Error: Terms

    expect(received).not.toMatch(expected)

    Expected pattern: not /Terms \*/
    Received string:      "Welcome Administrator !
    
    AN
    
    Administrator
    admin@example.com
    Add Material Request
    Get Items from
    Details
    Additional Information
    Additional Information
    Terms *
    Terms and Conditions Content *
    Cancel
    Save"

      87 |     await mrPage.tab('Additional Information').click();
      88 |     const info = await mrPage.main.innerText();
    > 89 |     expect.soft(info, 'Terms').not.toMatch(/Terms \*/);
         |                                    ^
      90 |     expect.soft(info, 'Terms content').not.toContain('Terms and Conditions Content *');
      91 |     expect(test.info().errors).toHaveLength(0);
      92 |   });
        at C:\Playwright_Automation\Shamel\srs-material-request.spec.ts:89:36

    Error: Terms content

    expect(received).not.toContain(expected) // indexOf

    Expected substring: not "Terms and Conditions Content *"
    Received string:        "Welcome Administrator !
    
    AN
    
    Administrator
    admin@example.com
    Add Material Request
    Get Items from
    Details
    Additional Information
    Additional Information
    Terms *
    Terms and Conditions Content *
    Cancel
    Save"

      88 |     const info = await mrPage.main.innerText();
      89 |     expect.soft(info, 'Terms').not.toMatch(/Terms \*/);
    > 90 |     expect.soft(info, 'Terms content').not.toContain('Terms and Conditions Content *');
         |                                            ^
      91 |     expect(test.info().errors).toHaveLength(0);
      92 |   });
      93 |
        at C:\Playwright_Automation\Shamel\srs-material-request.spec.ts:90:44

    Error: expect(received).toHaveLength(expected)

    Expected length: 0
    Received length: 4
    Received array:  [{"cause": undefined, "message": "Error: Price List·
    expect(received).not.toContain(expected) // indexOf·
    Expected substring: not \"Price List *\"
    Received string:        \"Welcome Administrator !
    
    AN
    
    Administrator
    admin@example.com
    Add Material Request
    Get Items from
    Details
    Additional Information
    Basic Information
    Series *
    Request Date *
    Purpose *
    Price List *
    Required Before *
    Items
    Scan Barcode
    Items Record
    Add Item
    There are no data yet
    Add data to the table to start managing your records.
    Cancel
    Save\"", "stack": "Error: Price List·
    expect(received).not.toContain(expected) // indexOf·
    Expected substring: not \"Price List *\"
    Received string:        \"Welcome Administrator !
    
    AN
    
    Administrator
    admin@example.com
    Add Material Request
    Get Items from
    Details
    Additional Information
    Basic Information
    Series *
    Request Date *
    Purpose *
    Price List *
    Required Before *
    Items
    Scan Barcode
    Items Record
    Add Item
    There are no data yet
    Add data to the table to start managing your records.
    Cancel
    Save\"
        at C:\\Playwright_Automation\\Shamel\\srs-material-request.spec.ts:86:89"}, {"cause": undefined, "message": "Error: Required Before·
    expect(received).not.toContain(expected) // indexOf·
    Expected substring: not \"Required Before *\"
    Received string:        \"Welcome Administrator !
    
    AN
    
    Administrator
    admin@example.com
    Add Material Request
    Get Items from
    Details
    Additional Information
    Basic Information
    Series *
    Request Date *
    Purpose *
    Price List *
    Required Before *
    Items
    Scan Barcode
    Items Record
    Add Item
    There are no data yet
    Add data to the table to start managing your records.
    Cancel
    Save\"", "stack": "Error: Required Before·
    expect(received).not.toContain(expected) // indexOf·
    Expected substring: not \"Required Before *\"
    Received string:        \"Welcome Administrator !
    
    AN
    
    Administrator
    admin@example.com
    Add Material Request
    Get Items from
    Details
    Additional Information
    Basic Information
    Series *
    Request Date *
    Purpose *
    Price List *
    Required Before *
    Items
    Scan Barcode
    Items Record
    Add Item
    There are no data yet
    Add data to the table to start managing your records.
    Cancel
    Save\"
        at C:\\Playwright_Automation\\Shamel\\srs-material-request.spec.ts:86:89"}, {"cause": undefined, "message": "Error: Terms·
    expect(received).not.toMatch(expected)·
    Expected pattern: not /Terms \\*/
    Received string:      \"Welcome Administrator !
    
    AN
    
    Administrator
    admin@example.com
    Add Material Request
    Get Items from
    Details
    Additional Information
    Additional Information
    Terms *
    Terms and Conditions Content *
    Cancel
    Save\"", "stack": "Error: Terms·
    expect(received).not.toMatch(expected)·
    Expected pattern: not /Terms \\*/
    Received string:      \"Welcome Administrator !
    
    AN
    
    Administrator
    admin@example.com
    Add Material Request
    Get Items from
    Details
    Additional Information
    Additional Information
    Terms *
    Terms and Conditions Content *
    Cancel
    Save\"
        at C:\\Playwright_Automation\\Shamel\\srs-material-request.spec.ts:89:36"}, {"cause": undefined, "message": "Error: Terms content·
    expect(received).not.toContain(expected) // indexOf·
    Expected substring: not \"Terms and Conditions Content *\"
    Received string:        \"Welcome Administrator !
    
    AN
    
    Administrator
    admin@example.com
    Add Material Request
    Get Items from
    Details
    Additional Information
    Additional Information
    Terms *
    Terms and Conditions Content *
    Cancel
    Save\"", "stack": "Error: Terms content·
    expect(received).not.toContain(expected) // indexOf·
    Expected substring: not \"Terms and Conditions Content *\"
    Received string:        \"Welcome Administrator !
    
    AN
    
    Administrator
    admin@example.com
    Add Material Request
    Get Items from
    Details
    Additional Information
    Additional Information
    Terms *
    Terms and Conditions Content *
    Cancel
    Save\"
        at C:\\Playwright_Automation\\Shamel\\srs-material-request.spec.ts:90:44"}]

      89 |     expect.soft(info, 'Terms').not.toMatch(/Terms \*/);
      90 |     expect.soft(info, 'Terms content').not.toContain('Terms and Conditions Content *');
    > 91 |     expect(test.info().errors).toHaveLength(0);
         |                                ^
      92 |   });
      93 |
      94 |   test('Warehouse list offers only warehouses of the Material Request company', srs('UC2 Set Warehouse / row Warehouse: warehouses of the selected company (TC-AD, TC-IT)'), async () => {
        at C:\Playwright_Automation\Shamel\srs-material-request.spec.ts:91:32

    attachment #1: screenshot (image/png) ──────────────────────────────────────────────────────────
    test-results\srs-material-request-UC2---35351-ds-are-not-marked-mandatory-chromium\test-failed-1.png
    ────────────────────────────────────────────────────────────────────────────────────────────────

    attachment #2: video (video/webm) ──────────────────────────────────────────────────────────────
    test-results\srs-material-request-UC2---35351-ds-are-not-marked-mandatory-chromium\video.webm
    ────────────────────────────────────────────────────────────────────────────────────────────────

    Error Context: test-results\srs-material-request-UC2---35351-ds-are-not-marked-mandatory-chromium\error-context.md

  5) [chromium] › Shamel\srs-material-request.spec.ts:94:7 › UC2 - New Material Request form (header and dropdowns) › Warehouse list offers only warehouses of the Material Request company 

    Error: expect(received).not.toContain(expected) // indexOf

    Expected value: not "مخزن القاضى"
    Received array:     ["مخزن جديد 1", "مخزن جديد", "WH-85", "WH-14", "WH-12", "WH-11", "مخزن القاضى", "Goods In Transit", "Finished Goods", "Work In Progress", "Stores", "All Warehouses", "Goods In Transit", "Finished Goods", "Work In Progress", "Stores", "All Warehouses", "Goods In Transit", "Finished Goods", "Work In Progress", "Stores", "All Warehouses", "Goods In Transit", "Finished Goods", "Work In Progress", "Stores", "All Warehouses", "Goods In Transit", "Finished Goods", "Work In Progress", "Stores", "All Warehouses", "Goods In Transit", "Finished Goods", "Work In Progress", "Stores", "All Warehouses", "Goods In Transit", "Finished Goods", "Work In Progress", "Stores", "All Warehouses", "Goods In Transit", "Finished Goods", "Work In Progress", "Stores", "All Warehouses", "Goods In Transit", "Finished Goods", "Work In Progress", "Stores", "All Warehouses", "Goods In Transit", "Finished Goods", "Work In Progress", "Stores", "All Warehouses", "Goods In Transit", "Finished Goods", "Work In Progress", "Stores", "All Warehouses", "Goods In Transit", "Finished Goods", "Work In Progress", "Stores", "All Warehouses", "Goods In Transit", "Finished Goods", "Work In Progress", "Stores", "All Warehouses", "Goods In Transit", "Finished Goods", "Work In Progress", "Stores", "All Warehouses", "Goods In Transit", "Finished Goods", "Work In Progress", "Stores", "All Warehouses", "Goods In Transit", "Finished Goods", "Work In Progress", "Stores", "All Warehouses", "Goods In Transit", "Finished Goods", "Work In Progress", "Stores", "All Warehouses", "Goods In Transit", "Finished Goods", "Work In Progress", "Stores", "All Warehouses", "Goods In Transit", "Finished Goods", "Work In Progress", "Stores", "All Warehouses", "Goods In Transit", "Finished Goods", "Work In Progress", "Stores", "All Warehouses", "Goods In Transit", "Finished Goods", "Work In Progress", "Stores", "All Warehouses", "Goods In Transit", "Finished Goods", "Work In Progress", "Stores", "All Warehouses", "Goods In Transit", "Finished Goods", "Work In Progress", "Stores", "All Warehouses", "Goods In Transit", "Finished Goods", "Work In Progress", "Stores", "All Warehouses", "Goods In Transit", "Finished Goods", "Work In Progress", "Stores", "All Warehouses", "Goods In Transit", "Finished Goods", "Work In Progress", "Stores", "All Warehouses", "Goods In Transit", "Finished Goods", "Work In Progress", "Stores", "All Warehouses", "Goods In Transit", "Finished Goods", "Work In Progress", "Stores", "All Warehouses", "Goods In Transit", "Finished Goods", "Work In Progress", "Stores", "All Warehouses", "Goods In Transit", "Finished Goods", "Work In Progress", "Stores", "All Warehouses", "Goods In Transit", "Finished Goods", "Work In Progress", "Stores", "All Warehouses", "Goods In Transit", "Finished Goods", "Work In Progress", "Stores", "All Warehouses", "Goods In Transit", "Finished Goods", "Work In Progress", "Stores", "All Warehouses", "Goods In Transit", "Finished Goods", "Work In Progress", "Stores", "All Warehouses", "Goods In Transit", "Finished Goods", "Work In Progress", "Stores", "All Warehouses", "Goods In Transit", "Finished Goods", "Work In Progress", "Stores", "All Warehouses", "Goods In Transit", "Finished Goods", "Work In Progress", "Stores", "All Warehouses", "Goods In Transit", "Finished Goods", "Work In Progress", "Stores", "All Warehouses", "Goods In Transit", "Finished Goods", "Work In Progress", "Stores", "All Warehouses", "Goods In Transit", "Finished Goods", "Work In Progress", "Stores", "All Warehouses", "Goods In Transit", "Finished Goods", "Work In Progress", "Stores", "All Warehouses", "Goods In Transit", "Finished Goods", "Work In Progress", "Stores", "All Warehouses", "Goods In Transit", "Finished Goods", "Work In Progress", "Stores", "All Warehouses", "Goods In Transit", "Finished Goods", "Work In Progress", "Stores", "All Warehouses", "Goods In Transit", "Finished Goods", "Work In Progress", "Stores", "All Warehouses", "Goods In Transit", "Finished Goods", "Work In Progress", "Stores", "All Warehouses", "Goods In Transit", "Finished Goods", "Work In Progress", "Stores", "All Warehouses", "Goods In Transit", "Finished Goods", "Work In Progress", "Stores", "All Warehouses", "Goods In Transit", "Finished Goods", "Work In Progress", "Stores", "All Warehouses", "Goods In Transit", "Finished Goods", "Work In Progress", "Stores", "All Warehouses", "Goods In Transit", "Finished Goods", "Work In Progress", "Stores", "All Warehouses", "Goods In Transit", "Finished Goods", "Work In Progress", "Stores", "All Warehouses", "Goods In Transit", "Finished Goods", "Work In Progress", "Stores", "All Warehouses", "Goods In Transit", "Finished Goods", "Work In Progress", "Stores", "All Warehouses", "Goods In Transit", "Finished Goods", "Work In Progress", "Stores", "All Warehouses", "Goods In Transit", "Finished Goods", "Work In Progress", "Stores", "All Warehouses", "Goods In Transit", "Finished Goods", "Work In Progress", "Stores", "All Warehouses"]

       96 |     const options = await mrPage.options(mrPage.combo('Select Warehouse'));
       97 |     // "مخزن القاضى" is "مخزن القاضى - AIG" of Azzrk Influencer Group, not Ahmed Ebrahim CO.
    >  98 |     expect(options).not.toContain('مخزن القاضى');
          |                         ^
       99 |   });
      100 |
      101 |   test('Warehouse list does not offer group warehouses', srs('UC2 Warehouse: transactions need a non-group warehouse (TC-AD, TC-IT) [assumed, ERPNext rule]'), async () => {
        at C:\Playwright_Automation\Shamel\srs-material-request.spec.ts:98:25

    attachment #1: screenshot (image/png) ──────────────────────────────────────────────────────────
    test-results\srs-material-request-UC2---4a59a-he-Material-Request-company-chromium\test-failed-1.png
    ────────────────────────────────────────────────────────────────────────────────────────────────

    attachment #2: video (video/webm) ──────────────────────────────────────────────────────────────
    test-results\srs-material-request-UC2---4a59a-he-Material-Request-company-chromium\video.webm
    ────────────────────────────────────────────────────────────────────────────────────────────────

    Error Context: test-results\srs-material-request-UC2---4a59a-he-Material-Request-company-chromium\error-context.md

  6) [chromium] › Shamel\srs-material-request.spec.ts:101:7 › UC2 - New Material Request form (header and dropdowns) › Warehouse list does not offer group warehouses 

    Error: expect(received).not.toContain(expected) // indexOf

    Expected value: not "All Warehouses"
    Received array:     ["مخزن جديد 1", "مخزن جديد", "WH-85", "WH-14", "WH-12", "WH-11", "مخزن القاضى", "Goods In Transit", "Finished Goods", "Work In Progress", "Stores", "All Warehouses", "Goods In Transit", "Finished Goods", "Work In Progress", "Stores", "All Warehouses", "Goods In Transit", "Finished Goods", "Work In Progress", "Stores", "All Warehouses", "Goods In Transit", "Finished Goods", "Work In Progress", "Stores", "All Warehouses", "Goods In Transit", "Finished Goods", "Work In Progress", "Stores", "All Warehouses", "Goods In Transit", "Finished Goods", "Work In Progress", "Stores", "All Warehouses", "Goods In Transit", "Finished Goods", "Work In Progress", "Stores", "All Warehouses", "Goods In Transit", "Finished Goods", "Work In Progress", "Stores", "All Warehouses", "Goods In Transit", "Finished Goods", "Work In Progress", "Stores", "All Warehouses", "Goods In Transit", "Finished Goods", "Work In Progress", "Stores", "All Warehouses", "Goods In Transit", "Finished Goods", "Work In Progress", "Stores", "All Warehouses", "Goods In Transit", "Finished Goods", "Work In Progress", "Stores", "All Warehouses", "Goods In Transit", "Finished Goods", "Work In Progress", "Stores", "All Warehouses", "Goods In Transit", "Finished Goods", "Work In Progress", "Stores", "All Warehouses", "Goods In Transit", "Finished Goods", "Work In Progress", "Stores", "All Warehouses", "Goods In Transit", "Finished Goods", "Work In Progress", "Stores", "All Warehouses", "Goods In Transit", "Finished Goods", "Work In Progress", "Stores", "All Warehouses", "Goods In Transit", "Finished Goods", "Work In Progress", "Stores", "All Warehouses", "Goods In Transit", "Finished Goods", "Work In Progress", "Stores", "All Warehouses", "Goods In Transit", "Finished Goods", "Work In Progress", "Stores", "All Warehouses", "Goods In Transit", "Finished Goods", "Work In Progress", "Stores", "All Warehouses", "Goods In Transit", "Finished Goods", "Work In Progress", "Stores", "All Warehouses", "Goods In Transit", "Finished Goods", "Work In Progress", "Stores", "All Warehouses", "Goods In Transit", "Finished Goods", "Work In Progress", "Stores", "All Warehouses", "Goods In Transit", "Finished Goods", "Work In Progress", "Stores", "All Warehouses", "Goods In Transit", "Finished Goods", "Work In Progress", "Stores", "All Warehouses", "Goods In Transit", "Finished Goods", "Work In Progress", "Stores", "All Warehouses", "Goods In Transit", "Finished Goods", "Work In Progress", "Stores", "All Warehouses", "Goods In Transit", "Finished Goods", "Work In Progress", "Stores", "All Warehouses", "Goods In Transit", "Finished Goods", "Work In Progress", "Stores", "All Warehouses", "Goods In Transit", "Finished Goods", "Work In Progress", "Stores", "All Warehouses", "Goods In Transit", "Finished Goods", "Work In Progress", "Stores", "All Warehouses", "Goods In Transit", "Finished Goods", "Work In Progress", "Stores", "All Warehouses", "Goods In Transit", "Finished Goods", "Work In Progress", "Stores", "All Warehouses", "Goods In Transit", "Finished Goods", "Work In Progress", "Stores", "All Warehouses", "Goods In Transit", "Finished Goods", "Work In Progress", "Stores", "All Warehouses", "Goods In Transit", "Finished Goods", "Work In Progress", "Stores", "All Warehouses", "Goods In Transit", "Finished Goods", "Work In Progress", "Stores", "All Warehouses", "Goods In Transit", "Finished Goods", "Work In Progress", "Stores", "All Warehouses", "Goods In Transit", "Finished Goods", "Work In Progress", "Stores", "All Warehouses", "Goods In Transit", "Finished Goods", "Work In Progress", "Stores", "All Warehouses", "Goods In Transit", "Finished Goods", "Work In Progress", "Stores", "All Warehouses", "Goods In Transit", "Finished Goods", "Work In Progress", "Stores", "All Warehouses", "Goods In Transit", "Finished Goods", "Work In Progress", "Stores", "All Warehouses", "Goods In Transit", "Finished Goods", "Work In Progress", "Stores", "All Warehouses", "Goods In Transit", "Finished Goods", "Work In Progress", "Stores", "All Warehouses", "Goods In Transit", "Finished Goods", "Work In Progress", "Stores", "All Warehouses", "Goods In Transit", "Finished Goods", "Work In Progress", "Stores", "All Warehouses", "Goods In Transit", "Finished Goods", "Work In Progress", "Stores", "All Warehouses", "Goods In Transit", "Finished Goods", "Work In Progress", "Stores", "All Warehouses", "Goods In Transit", "Finished Goods", "Work In Progress", "Stores", "All Warehouses", "Goods In Transit", "Finished Goods", "Work In Progress", "Stores", "All Warehouses", "Goods In Transit", "Finished Goods", "Work In Progress", "Stores", "All Warehouses", "Goods In Transit", "Finished Goods", "Work In Progress", "Stores", "All Warehouses", "Goods In Transit", "Finished Goods", "Work In Progress", "Stores", "All Warehouses", "Goods In Transit", "Finished Goods", "Work In Progress", "Stores", "All Warehouses", "Goods In Transit", "Finished Goods", "Work In Progress", "Stores", "All Warehouses"]

      102 |     await mrPage.choose(mrPage.combo('Select Purpose'), 'Purchase');
      103 |     const options = await mrPage.options(mrPage.combo('Select Warehouse'));
    > 104 |     expect(options).not.toContain('All Warehouses'); // All Warehouses - E is a group
          |                         ^
      105 |   });
      106 |
      107 |   test('Warehouses with the same name can be told apart', srs('UC2 Warehouse: user must be able to pick the intended warehouse (TC-AD, TC-IT)'), async () => {
        at C:\Playwright_Automation\Shamel\srs-material-request.spec.ts:104:25

    attachment #1: screenshot (image/png) ──────────────────────────────────────────────────────────
    test-results\srs-material-request-UC2---65e7a--not-offer-group-warehouses-chromium\test-failed-1.png
    ────────────────────────────────────────────────────────────────────────────────────────────────

    attachment #2: video (video/webm) ──────────────────────────────────────────────────────────────
    test-results\srs-material-request-UC2---65e7a--not-offer-group-warehouses-chromium\video.webm
    ────────────────────────────────────────────────────────────────────────────────────────────────

    Error Context: test-results\srs-material-request-UC2---65e7a--not-offer-group-warehouses-chromium\error-context.md

  7) [chromium] › Shamel\srs-material-request.spec.ts:107:7 › UC2 - New Material Request form (header and dropdowns) › Warehouses with the same name can be told apart 

    Error: expect(received).toEqual(expected) // deep equality

    - Expected  - 1
    + Received  + 7

    - Set {}
    + Set {
    +   "All Warehouses",
    +   "Finished Goods",
    +   "Goods In Transit",
    +   "Stores",
    +   "Work In Progress",
    + }

      109 |     const options = await mrPage.options(mrPage.combo('Select Warehouse'));
      110 |     const duplicated = options.filter((o, i) => options.indexOf(o) !== i);
    > 111 |     expect(new Set(duplicated)).toEqual(new Set());
          |                                 ^
      112 |   });
      113 |
      114 |   test('Item Code list offers every purchasable item, not only the first 20', srs('UC2 Items: Item Code dropdown (TC-IT)'), async () => {
        at C:\Playwright_Automation\Shamel\srs-material-request.spec.ts:111:33

    attachment #1: screenshot (image/png) ──────────────────────────────────────────────────────────
    test-results\srs-material-request-UC2---36816-same-name-can-be-told-apart-chromium\test-failed-1.png
    ────────────────────────────────────────────────────────────────────────────────────────────────

    attachment #2: video (video/webm) ──────────────────────────────────────────────────────────────
    test-results\srs-material-request-UC2---36816-same-name-can-be-told-apart-chromium\video.webm
    ────────────────────────────────────────────────────────────────────────────────────────────────

    Error Context: test-results\srs-material-request-UC2---36816-same-name-can-be-told-apart-chromium\error-context.md

  8) [chromium] › Shamel\srs-material-request.spec.ts:114:7 › UC2 - New Material Request form (header and dropdowns) › Item Code list offers every purchasable item, not only the first 20 

    Error: expect(received).toContain(expected) // indexOf

    Expected value: "PW MR Stock Item"
    Received array: ["111", "1110", "1111", "123", "1231", "1231-RED-L", "123456", "12354", "1321", "15D", …]

      116 |     await mrPage.addItemRow();
      117 |     const options = await mrPage.options(mrPage.row(0).itemCode);
    > 118 |     expect(options).toContain(ITEM_NAME);
          |                     ^
      119 |   });
      120 |
      121 |   test('UOM list offers every unit, not only the first 20', srs('UC2 Items: UOM dropdown (TC-IT)'), async () => {
        at C:\Playwright_Automation\Shamel\srs-material-request.spec.ts:118:21

    attachment #1: screenshot (image/png) ──────────────────────────────────────────────────────────
    test-results\srs-material-request-UC2---2f614--item-not-only-the-first-20-chromium\test-failed-1.png
    ────────────────────────────────────────────────────────────────────────────────────────────────

    attachment #2: video (video/webm) ──────────────────────────────────────────────────────────────
    test-results\srs-material-request-UC2---2f614--item-not-only-the-first-20-chromium\video.webm
    ────────────────────────────────────────────────────────────────────────────────────────────────

    Error Context: test-results\srs-material-request-UC2---2f614--item-not-only-the-first-20-chromium\error-context.md

  9) [chromium] › Shamel\srs-material-request.spec.ts:121:7 › UC2 - New Material Request form (header and dropdowns) › UOM list offers every unit, not only the first 20 

    Error: expect(received).toContain(expected) // indexOf

    Expected value: "Unit"
    Received array: ["Abampere", "Acre", "Acre (US)", "Ampere", "Ampere-Hour", "Ampere-Minute", "Ampere-Second", "Are", "Area", "Arshin", …]

      122 |     await mrPage.addItemRow();
      123 |     const options = await mrPage.options(mrPage.row(0).uom);
    > 124 |     expect(options).toContain('Unit');
          |                     ^
      125 |   });
      126 |
      127 |   test('Choosing a Terms template fills the Terms and Conditions content', srs('UC3 Terms: selecting a template loads its content (TC-MI)'), async ({ page }) => {
        at C:\Playwright_Automation\Shamel\srs-material-request.spec.ts:124:21

    attachment #1: screenshot (image/png) ──────────────────────────────────────────────────────────
    test-results\srs-material-request-UC2---507b8--unit-not-only-the-first-20-chromium\test-failed-1.png
    ────────────────────────────────────────────────────────────────────────────────────────────────

    attachment #2: video (video/webm) ──────────────────────────────────────────────────────────────
    test-results\srs-material-request-UC2---507b8--unit-not-only-the-first-20-chromium\video.webm
    ────────────────────────────────────────────────────────────────────────────────────────────────

    Error Context: test-results\srs-material-request-UC2---507b8--unit-not-only-the-first-20-chromium\error-context.md

  10) [chromium] › Shamel\srs-material-request.spec.ts:127:7 › UC2 - New Material Request form (header and dropdowns) › Choosing a Terms template fills the Terms and Conditions content 

    Error: expect(locator).not.toHaveValue(expected) failed

    Locator:  getByRole('textbox', { name: 'Enter terms and conditions' })
    Expected: not ""
    Received: ""
    Timeout:  15000ms

    Call log:
      - Expect "not toHaveValue" getByRole('textbox', { name: 'Enter terms and conditions' }) with timeout 15000ms
      - waiting for getByRole('textbox', { name: 'Enter terms and conditions' })
        32 × locator resolved to <textarea data-v-ea0c128e="" class="mr-textarea" placeholder="Enter terms and conditions"></textarea>
           - unexpected value ""


      130 |     await mrPage.tab('Additional Information').click();
      131 |     await mrPage.choose(page.getByRole('combobox', { name: 'Select Terms' }), 'dsfsdfsdf');
    > 132 |     await expect(page.getByRole('textbox', { name: 'Enter terms and conditions' })).not.toHaveValue('');
          |                                                                                         ^
      133 |   });
      134 | });
      135 |
        at C:\Playwright_Automation\Shamel\srs-material-request.spec.ts:132:89

    attachment #1: screenshot (image/png) ──────────────────────────────────────────────────────────
    test-results\srs-material-request-UC2---49885-erms-and-Conditions-content-chromium\test-failed-1.png
    ────────────────────────────────────────────────────────────────────────────────────────────────

    attachment #2: video (video/webm) ──────────────────────────────────────────────────────────────
    test-results\srs-material-request-UC2---49885-erms-and-Conditions-content-chromium\video.webm
    ────────────────────────────────────────────────────────────────────────────────────────────────

    Error Context: test-results\srs-material-request-UC2---49885-erms-and-Conditions-content-chromium\error-context.md

  11) [chromium] › Shamel\srs-material-request.spec.ts:145:7 › Server rules behind the form › A group warehouse is rejected on a Material Request 

    Error: expect(received).rejects.toThrow()

    Received promise resolved instead of rejected
    Resolved to value: {"auto_created_via_reorder": 0, "buying_price_list": "Standard Buying", "company": "Ahmed Ebrahim CO.", "creation": "2026-10-07 15:08:24.285534", "docstatus": 0, "doctype": "Material Request", "idx": 0, "items": [{"__unsaved": 1, "actual_qty": 58, "amount": 0, "conversion_factor": 1, "cost_center": "101 - Main X - E", "creation": "2026-10-07 15:08:24.285534", "description": "", "docstatus": 0, "doctype": "Material Request Item", "expense_account": "", "idx": 1, "image": "", "item_code": "STO-ITEM-2026-00072", "item_group": "Services", "item_name": "PW MR Stock Item", "min_order_qty": 0, "modified": "2026-10-07 15:08:24.285534", "modified_by": "Administrator", "name": "7hkske573p", "ordered_qty": 0, "owner": "Administrator", "page_break": 0, "parent": "MAT-MR-2026-00028", "parentfield": "items", "parenttype": "Material Request", "picked_qty": 0, "price_list_rate": 0, "projected_on_hand": 0, "projected_qty": 0, "qty": 1, "rate": 0, "received_qty": 0, "reorder_level": 0, "reorder_qty": 0, "schedule_date": "2026-10-07", "stock_qty": 1, "stock_uom": "Unit", "uom": "Unit", "warehouse": "All Warehouses - E"}], "last_scanned_warehouse": null, "letter_head": "Talab", "material_request_type": "Purchase", "modified": "2026-10-07 15:08:24.285534", "modified_by": "Administrator", "name": "MAT-MR-2026-00028", "naming_series": "MAT-MR-.YYYY.-", "owner": "Administrator", "per_ordered": 0, "per_received": 0, "schedule_date": "2026-10-07", "status": "Draft", "title": "Purchase Request for PW MR Stock Item", "transaction_date": "2026-10-07", "transfer_status": ""}

      149 |       company: COMPANY, material_request_type: 'Purchase', transaction_date: today(), schedule_date: today(),
      150 |       items: [{ item_code: item, qty: 1, uom: 'Unit', schedule_date: today(), warehouse: 'All Warehouses - E' }],
    > 151 |     })).rejects.toThrow(/[Gg]roup/);
          |                 ^
      152 |   });
      153 | });
      154 |
        at C:\Playwright_Automation\Shamel\srs-material-request.spec.ts:151:17

    attachment #1: screenshot (image/png) ──────────────────────────────────────────────────────────
    test-results\srs-material-request-Serve-3535a-ected-on-a-Material-Request-chromium\test-failed-1.png
    ────────────────────────────────────────────────────────────────────────────────────────────────

    attachment #2: video (video/webm) ──────────────────────────────────────────────────────────────
    test-results\srs-material-request-Serve-3535a-ected-on-a-Material-Request-chromium\video.webm
    ────────────────────────────────────────────────────────────────────────────────────────────────

    Error Context: test-results\srs-material-request-Serve-3535a-ected-on-a-Material-Request-chromium\error-context.md

  12) [chromium] › Shamel\srs-material-request.spec.ts:172:7 › UC4 - Details of a saved Material Request › Material Issue details show the From Warehouse 

    Error: expect(locator).toHaveValue(expected) failed

    Locator: getByRole('combobox', { name: 'From Warehouse' })
    Expected pattern: /Stores - E/
    Received string:  ""
    Timeout: 15000ms

    Call log:
      - Expect "toHaveValue" getByRole('combobox', { name: 'From Warehouse' }) with timeout 15000ms
      - waiting for getByRole('combobox', { name: 'From Warehouse' })
        26 × locator resolved to <input value="" type="text" role="combobox" aria-controls="" class="cs-input" data-v-d10c49f3="" autocomplete="false" aria-expanded="false" aria-disabled="false" aria-autocomplete="list" placeholder="From Warehouse"/>
           - unexpected value ""


      173 |     const doc = await submittedMR('Material Issue', 1);
      174 |     await mrPage.gotoDetails(doc.name);
    > 175 |     await expect(page.getByRole('combobox', { name: 'From Warehouse' })).toHaveValue(new RegExp(WAREHOUSE));
          |                                                                          ^
      176 |   });
      177 |
      178 |   test('Details show the document ID and its status', srs('UC4 Details: ID and status visible (TC-DT, TC-FA)'), async ({ page }) => {
        at C:\Playwright_Automation\Shamel\srs-material-request.spec.ts:175:74

    attachment #1: screenshot (image/png) ──────────────────────────────────────────────────────────
    test-results\srs-material-request-UC4---12610-ils-show-the-From-Warehouse-chromium\test-failed-1.png
    ────────────────────────────────────────────────────────────────────────────────────────────────

    attachment #2: video (video/webm) ──────────────────────────────────────────────────────────────
    test-results\srs-material-request-UC4---12610-ils-show-the-From-Warehouse-chromium\video.webm
    ────────────────────────────────────────────────────────────────────────────────────────────────

    Error Context: test-results\srs-material-request-UC4---12610-ils-show-the-From-Warehouse-chromium\error-context.md

  13) [chromium] › Shamel\srs-material-request.spec.ts:178:7 › UC4 - Details of a saved Material Request › Details show the document ID and its status 

    Error: expect(received).toContain(expected) // indexOf

    Expected substring: "MAT-MR-2026-00032"
    Received string:    "Welcome Administrator !·
    AN·
    Administrator
    admin@example.com
    Material Request Details
    Get Items from
    Details
    Additional Information
    Connections
    Basic Information
    Series *
    Request Date *
    Purpose *
    Price List *
    Required Before *
    Items
    Scan Barcode
    Set Warehouse
    Items Record
    Add Item
    	Item Code	Required Before	Quantity	Warehouse	UOM···············
    Cancel
    Save"

      180 |     await mrPage.gotoDetails(doc.name);
      181 |     const text = await mainText(page);
    > 182 |     expect.soft(text).toContain(doc.name);
          |                       ^
      183 |     expect(text).toMatch(/Submitted|Pending/);
      184 |   });
      185 |
        at C:\Playwright_Automation\Shamel\srs-material-request.spec.ts:182:23

    Error: expect(received).toMatch(expected)

    Expected pattern: /Submitted|Pending/
    Received string:  "Welcome Administrator !·
    AN·
    Administrator
    admin@example.com
    Material Request Details
    Get Items from
    Details
    Additional Information
    Connections
    Basic Information
    Series *
    Request Date *
    Purpose *
    Price List *
    Required Before *
    Items
    Scan Barcode
    Set Warehouse
    Items Record
    Add Item
    	Item Code	Required Before	Quantity	Warehouse	UOM···············
    Cancel
    Save"

      181 |     const text = await mainText(page);
      182 |     expect.soft(text).toContain(doc.name);
    > 183 |     expect(text).toMatch(/Submitted|Pending/);
          |                  ^
      184 |   });
      185 |
      186 |   test('A submitted Material Request cannot be edited or deleted', srs('UC4/FA: submitted document is read-only (TC-DT, TC-FA)'), async ({ page }) => {
        at C:\Playwright_Automation\Shamel\srs-material-request.spec.ts:183:18

    attachment #1: screenshot (image/png) ──────────────────────────────────────────────────────────
    test-results\srs-material-request-UC4---0dc42--document-ID-and-its-status-chromium\test-failed-1.png
    ────────────────────────────────────────────────────────────────────────────────────────────────

    attachment #2: video (video/webm) ──────────────────────────────────────────────────────────────
    test-results\srs-material-request-UC4---0dc42--document-ID-and-its-status-chromium\video.webm
    ────────────────────────────────────────────────────────────────────────────────────────────────

    Error Context: test-results\srs-material-request-UC4---0dc42--document-ID-and-its-status-chromium\error-context.md

  14) [chromium] › Shamel\srs-material-request.spec.ts:186:7 › UC4 - Details of a saved Material Request › A submitted Material Request cannot be edited or deleted 

    Error: expect(locator).toBeDisabled() failed

    Locator:  getByRole('main').locator('//h3[normalize-space(.)="Items Record"]/../..').locator('input[type=number]').first()
    Expected: disabled
    Received: enabled
    Timeout:  15000ms

    Call log:
      - Expect "soft toBeDisabled" getByRole('main').locator('//h3[normalize-space(.)="Items Record"]/../..').locator('input[type=number]').first() with timeout 15000ms
      - waiting for getByRole('main').locator('//h3[normalize-space(.)="Items Record"]/../..').locator('input[type=number]').first()
        32 × locator resolved to <input type="number" placeholder="0" data-v-9bbef77e="" class="id-uom-input"/>
           - unexpected value "enabled"


      187 |     const doc = await submittedMR('Purchase', 1);
      188 |     await mrPage.gotoDetails(doc.name);
    > 189 |     await expect.soft(mrPage.row(0).qty).toBeDisabled();
          |                                          ^
      190 |     await expect.soft(mrPage.items.getByRole('button', { name: 'Add Item' })).toBeHidden();
      191 |     await expect.soft(page.getByRole('button', { name: 'Delete' })).toBeHidden();
      192 |     await expect.soft(page.getByRole('button', { name: 'Get Items from' })).toBeHidden();
        at C:\Playwright_Automation\Shamel\srs-material-request.spec.ts:189:42

    Error: expect(locator).toBeHidden() failed

    Locator:  getByRole('main').locator('//h3[normalize-space(.)="Items Record"]/../..').getByRole('button', { name: 'Add Item' })
    Expected: hidden
    Received: visible
    Timeout:  15000ms

    Call log:
      - Expect "soft toBeHidden" getByRole('main').locator('//h3[normalize-space(.)="Items Record"]/../..').getByRole('button', { name: 'Add Item' }) with timeout 15000ms
      - waiting for getByRole('main').locator('//h3[normalize-space(.)="Items Record"]/../..').getByRole('button', { name: 'Add Item' })
        32 × locator resolved to <button data-v-7c2928d9="" class="id-uom-add-btn">…</button>
           - unexpected value "visible"


      188 |     await mrPage.gotoDetails(doc.name);
      189 |     await expect.soft(mrPage.row(0).qty).toBeDisabled();
    > 190 |     await expect.soft(mrPage.items.getByRole('button', { name: 'Add Item' })).toBeHidden();
          |                                                                               ^
      191 |     await expect.soft(page.getByRole('button', { name: 'Delete' })).toBeHidden();
      192 |     await expect.soft(page.getByRole('button', { name: 'Get Items from' })).toBeHidden();
      193 |     expect(test.info().errors).toHaveLength(0);
        at C:\Playwright_Automation\Shamel\srs-material-request.spec.ts:190:79

    Error: expect(locator).toBeHidden() failed

    Locator:  getByRole('button', { name: 'Delete' })
    Expected: hidden
    Received: visible
    Timeout:  15000ms

    Call log:
      - Expect "soft toBeHidden" getByRole('button', { name: 'Delete' }) with timeout 15000ms
      - waiting for getByRole('button', { name: 'Delete' })
        32 × locator resolved to <button title="Delete" class="cd-tool-btn" data-action="delete">…</button>
           - unexpected value "visible"


      189 |     await expect.soft(mrPage.row(0).qty).toBeDisabled();
      190 |     await expect.soft(mrPage.items.getByRole('button', { name: 'Add Item' })).toBeHidden();
    > 191 |     await expect.soft(page.getByRole('button', { name: 'Delete' })).toBeHidden();
          |                                                                     ^
      192 |     await expect.soft(page.getByRole('button', { name: 'Get Items from' })).toBeHidden();
      193 |     expect(test.info().errors).toHaveLength(0);
      194 |   });
        at C:\Playwright_Automation\Shamel\srs-material-request.spec.ts:191:69

    Error: expect(locator).toBeHidden() failed

    Locator:  getByRole('button', { name: 'Get Items from' })
    Expected: hidden
    Received: visible
    Timeout:  15000ms

    Call log:
      - Expect "soft toBeHidden" getByRole('button', { name: 'Get Items from' }) with timeout 15000ms
      - waiting for getByRole('button', { name: 'Get Items from' })
        32 × locator resolved to <button data-v-12be2133="" class="cd-action-btn">…</button>
           - unexpected value "visible"


      190 |     await expect.soft(mrPage.items.getByRole('button', { name: 'Add Item' })).toBeHidden();
      191 |     await expect.soft(page.getByRole('button', { name: 'Delete' })).toBeHidden();
    > 192 |     await expect.soft(page.getByRole('button', { name: 'Get Items from' })).toBeHidden();
          |                                                                             ^
      193 |     expect(test.info().errors).toHaveLength(0);
      194 |   });
      195 |
        at C:\Playwright_Automation\Shamel\srs-material-request.spec.ts:192:77

    Error: expect(received).toHaveLength(expected)

    Expected length: 0
    Received length: 4
    Received array:  [{"cause": undefined, "errorContext": "- spinbutton \"0\": \"1\"", "message": "Error: expect(locator).toBeDisabled() failed·
    Locator:  getByRole('main').locator('//h3[normalize-space(.)=\"Items Record\"]/../..').locator('input[type=number]').first()
    Expected: disabled
    Received: enabled
    Timeout:  15000ms·
    Call log:
      - Expect \"soft toBeDisabled\" getByRole('main').locator('//h3[normalize-space(.)=\"Items Record\"]/../..').locator('input[type=number]').first() with timeout 15000ms
      - waiting for getByRole('main').locator('//h3[normalize-space(.)=\"Items Record\"]/../..').locator('input[type=number]').first()
        32 × locator resolved to <input type=\"number\" placeholder=\"0\" data-v-9bbef77e=\"\" class=\"id-uom-input\"/>
           - unexpected value \"enabled\"
    ", "stack": "Error: expect(locator).toBeDisabled() failed·
    Locator:  getByRole('main').locator('//h3[normalize-space(.)=\"Items Record\"]/../..').locator('input[type=number]').first()
    Expected: disabled
    Received: enabled
    Timeout:  15000ms·
    Call log:
      - Expect \"soft toBeDisabled\" getByRole('main').locator('//h3[normalize-space(.)=\"Items Record\"]/../..').locator('input[type=number]').first() with timeout 15000ms
      - waiting for getByRole('main').locator('//h3[normalize-space(.)=\"Items Record\"]/../..').locator('input[type=number]').first()
        32 × locator resolved to <input type=\"number\" placeholder=\"0\" data-v-9bbef77e=\"\" class=\"id-uom-input\"/>
           - unexpected value \"enabled\"·
        at C:\\Playwright_Automation\\Shamel\\srs-material-request.spec.ts:189:42"}, {"cause": undefined, "errorContext": "- button \"Add Item\":
      - img
      - text: Add Item", "message": "Error: expect(locator).toBeHidden() failed·
    Locator:  getByRole('main').locator('//h3[normalize-space(.)=\"Items Record\"]/../..').getByRole('button', { name: 'Add Item' })
    Expected: hidden
    Received: visible
    Timeout:  15000ms·
    Call log:
      - Expect \"soft toBeHidden\" getByRole('main').locator('//h3[normalize-space(.)=\"Items Record\"]/../..').getByRole('button', { name: 'Add Item' }) with timeout 15000ms
      - waiting for getByRole('main').locator('//h3[normalize-space(.)=\"Items Record\"]/../..').getByRole('button', { name: 'Add Item' })
        32 × locator resolved to <button data-v-7c2928d9=\"\" class=\"id-uom-add-btn\">…</button>
           - unexpected value \"visible\"
    ", "stack": "Error: expect(locator).toBeHidden() failed·
    Locator:  getByRole('main').locator('//h3[normalize-space(.)=\"Items Record\"]/../..').getByRole('button', { name: 'Add Item' })
    Expected: hidden
    Received: visible
    Timeout:  15000ms·
    Call log:
      - Expect \"soft toBeHidden\" getByRole('main').locator('//h3[normalize-space(.)=\"Items Record\"]/../..').getByRole('button', { name: 'Add Item' }) with timeout 15000ms
      - waiting for getByRole('main').locator('//h3[normalize-space(.)=\"Items Record\"]/../..').getByRole('button', { name: 'Add Item' })
        32 × locator resolved to <button data-v-7c2928d9=\"\" class=\"id-uom-add-btn\">…</button>
           - unexpected value \"visible\"·
        at C:\\Playwright_Automation\\Shamel\\srs-material-request.spec.ts:190:79"}, {"cause": undefined, "errorContext": "- button \"Delete\":
      - img", "message": "Error: expect(locator).toBeHidden() failed·
    Locator:  getByRole('button', { name: 'Delete' })
    Expected: hidden
    Received: visible
    Timeout:  15000ms·
    Call log:
      - Expect \"soft toBeHidden\" getByRole('button', { name: 'Delete' }) with timeout 15000ms
      - waiting for getByRole('button', { name: 'Delete' })
        32 × locator resolved to <button title=\"Delete\" class=\"cd-tool-btn\" data-action=\"delete\">…</button>
           - unexpected value \"visible\"
    ", "stack": "Error: expect(locator).toBeHidden() failed·
    Locator:  getByRole('button', { name: 'Delete' })
    Expected: hidden
    Received: visible
    Timeout:  15000ms·
    Call log:
      - Expect \"soft toBeHidden\" getByRole('button', { name: 'Delete' }) with timeout 15000ms
      - waiting for getByRole('button', { name: 'Delete' })
        32 × locator resolved to <button title=\"Delete\" class=\"cd-tool-btn\" data-action=\"delete\">…</button>
           - unexpected value \"visible\"·
        at C:\\Playwright_Automation\\Shamel\\srs-material-request.spec.ts:191:69"}, {"cause": undefined, "errorContext": "- button \"Get Items from\":
      - img
      - text: Get Items from", "message": "Error: expect(locator).toBeHidden() failed·
    Locator:  getByRole('button', { name: 'Get Items from' })
    Expected: hidden
    Received: visible
    Timeout:  15000ms·
    Call log:
      - Expect \"soft toBeHidden\" getByRole('button', { name: 'Get Items from' }) with timeout 15000ms
      - waiting for getByRole('button', { name: 'Get Items from' })
        32 × locator resolved to <button data-v-12be2133=\"\" class=\"cd-action-btn\">…</button>
           - unexpected value \"visible\"
    ", "stack": "Error: expect(locator).toBeHidden() failed·
    Locator:  getByRole('button', { name: 'Get Items from' })
    Expected: hidden
    Received: visible
    Timeout:  15000ms·
    Call log:
      - Expect \"soft toBeHidden\" getByRole('button', { name: 'Get Items from' }) with timeout 15000ms
      - waiting for getByRole('button', { name: 'Get Items from' })
        32 × locator resolved to <button data-v-12be2133=\"\" class=\"cd-action-btn\">…</button>
           - unexpected value \"visible\"·
        at C:\\Playwright_Automation\\Shamel\\srs-material-request.spec.ts:192:77"}]

      191 |     await expect.soft(page.getByRole('button', { name: 'Delete' })).toBeHidden();
      192 |     await expect.soft(page.getByRole('button', { name: 'Get Items from' })).toBeHidden();
    > 193 |     expect(test.info().errors).toHaveLength(0);
          |                                ^
      194 |   });
      195 |
      196 |   test('A draft Material Request can be submitted', srs('UC2 Submit: draft shows Submit (TC-GI, TC-FA)'), async ({ page }) => {
        at C:\Playwright_Automation\Shamel\srs-material-request.spec.ts:193:32

    attachment #1: screenshot (image/png) ──────────────────────────────────────────────────────────
    test-results\srs-material-request-UC4---1f9fc-cannot-be-edited-or-deleted-chromium\test-failed-1.png
    ────────────────────────────────────────────────────────────────────────────────────────────────

    attachment #2: video (video/webm) ──────────────────────────────────────────────────────────────
    test-results\srs-material-request-UC4---1f9fc-cannot-be-edited-or-deleted-chromium\video.webm
    ────────────────────────────────────────────────────────────────────────────────────────────────

    Error Context: test-results\srs-material-request-UC4---1f9fc-cannot-be-edited-or-deleted-chromium\error-context.md

  15) [chromium] › Shamel\srs-material-request.spec.ts:196:7 › UC4 - Details of a saved Material Request › A draft Material Request can be submitted 

    Error: expect(locator).toBeVisible() failed

    Locator: getByRole('button', { name: 'Submit', exact: true })
    Expected: visible
    Timeout: 15000ms
    Error: element(s) not found

    Call log:
      - Expect "toBeVisible" getByRole('button', { name: 'Submit', exact: true }) with timeout 15000ms
      - waiting for getByRole('button', { name: 'Submit', exact: true })


      201 |     });
      202 |     await mrPage.gotoDetails(draft.name);
    > 203 |     await expect(page.getByRole('button', { name: 'Submit', exact: true })).toBeVisible();
          |                                                                             ^
      204 |   });
      205 |
      206 |   test('Cancel on a submitted Material Request cancels the document', srs('FA Cancel: cancels the submitted document (TC-FA)'), async ({ page }) => {
        at C:\Playwright_Automation\Shamel\srs-material-request.spec.ts:203:77

    attachment #1: screenshot (image/png) ──────────────────────────────────────────────────────────
    test-results\srs-material-request-UC4---19d03-al-Request-can-be-submitted-chromium\test-failed-1.png
    ────────────────────────────────────────────────────────────────────────────────────────────────

    attachment #2: video (video/webm) ──────────────────────────────────────────────────────────────
    test-results\srs-material-request-UC4---19d03-al-Request-can-be-submitted-chromium\video.webm
    ────────────────────────────────────────────────────────────────────────────────────────────────

    Error Context: test-results\srs-material-request-UC4---19d03-al-Request-can-be-submitted-chromium\error-context.md

  16) [chromium] › Shamel\srs-material-request.spec.ts:206:7 › UC4 - Details of a saved Material Request › Cancel on a submitted Material Request cancels the document 

    Error: expect(received).toBe(expected) // Object.is equality

    Expected: 2
    Received: 1

    Call Log:
    - Timeout 60000ms exceeded while waiting on the predicate

      210 |     const confirm = page.getByRole('dialog').getByRole('button', { name: /Yes|Confirm|Cancel/ });
      211 |     if (await confirm.first().isVisible({ timeout: 5_000 }).catch(() => false)) await confirm.first().click();
    > 212 |     await expect.poll(async () => (await getMR(doc.name)).docstatus, { timeout: 60_000 }).toBe(2);
          |                                                                                           ^
      213 |   });
      214 |
      215 |   test('A cancelled Material Request shows Cancelled and is read-only', srs('FA Cancel: cancelled document state (TC-FA)'), async ({ page }) => {
        at C:\Playwright_Automation\Shamel\srs-material-request.spec.ts:212:91

    attachment #1: screenshot (image/png) ──────────────────────────────────────────────────────────
    test-results\srs-material-request-UC4---9e487-equest-cancels-the-document-chromium\test-failed-1.png
    ────────────────────────────────────────────────────────────────────────────────────────────────

    attachment #2: video (video/webm) ──────────────────────────────────────────────────────────────
    test-results\srs-material-request-UC4---9e487-equest-cancels-the-document-chromium\video.webm
    ────────────────────────────────────────────────────────────────────────────────────────────────

    Error Context: test-results\srs-material-request-UC4---9e487-equest-cancels-the-document-chromium\error-context.md

  17) [chromium] › Shamel\srs-material-request.spec.ts:215:7 › UC4 - Details of a saved Material Request › A cancelled Material Request shows Cancelled and is read-only 

    Error: expect(received).toContain(expected) // indexOf

    Expected substring: "Cancelled"
    Received string:    "Welcome Administrator !·
    AN·
    Administrator
    admin@example.com
    Material Request Details
    Get Items from
    Details
    Additional Information
    Connections
    Basic Information
    Series *
    Request Date *
    Purpose *
    Price List *
    Required Before *
    Items
    Scan Barcode
    Set Warehouse
    Items Record
    Add Item
    	Item Code	Required Before	Quantity	Warehouse	UOM···············
    Cancel
    Save"

      217 |     await cancel('Material Request', doc.name);
      218 |     await mrPage.gotoDetails(doc.name);
    > 219 |     expect.soft(await mainText(page)).toContain('Cancelled');
          |                                       ^
      220 |     await expect.soft(mrPage.row(0).qty).toBeDisabled();
      221 |     expect(test.info().errors).toHaveLength(0);
      222 |   });
        at C:\Playwright_Automation\Shamel\srs-material-request.spec.ts:219:39

    Error: expect(locator).toBeDisabled() failed

    Locator:  getByRole('main').locator('//h3[normalize-space(.)="Items Record"]/../..').locator('input[type=number]').first()
    Expected: disabled
    Received: enabled
    Timeout:  15000ms

    Call log:
      - Expect "soft toBeDisabled" getByRole('main').locator('//h3[normalize-space(.)="Items Record"]/../..').locator('input[type=number]').first() with timeout 15000ms
      - waiting for getByRole('main').locator('//h3[normalize-space(.)="Items Record"]/../..').locator('input[type=number]').first()
        31 × locator resolved to <input type="number" placeholder="0" data-v-9bbef77e="" class="id-uom-input"/>
           - unexpected value "enabled"


      218 |     await mrPage.gotoDetails(doc.name);
      219 |     expect.soft(await mainText(page)).toContain('Cancelled');
    > 220 |     await expect.soft(mrPage.row(0).qty).toBeDisabled();
          |                                          ^
      221 |     expect(test.info().errors).toHaveLength(0);
      222 |   });
      223 | });
        at C:\Playwright_Automation\Shamel\srs-material-request.spec.ts:220:42

    Error: expect(received).toHaveLength(expected)

    Expected length: 0
    Received length: 2
    Received array:  [{"cause": undefined, "message": "Error: expect(received).toContain(expected) // indexOf·
    Expected substring: \"Cancelled\"
    Received string:    \"Welcome Administrator !·
    AN·
    Administrator
    admin@example.com
    Material Request Details
    Get Items from
    Details
    Additional Information
    Connections
    Basic Information
    Series *
    Request Date *
    Purpose *
    Price List *
    Required Before *
    Items
    Scan Barcode
    Set Warehouse
    Items Record
    Add Item
    	Item Code	Required Before	Quantity	Warehouse	UOM···············
    Cancel
    Save\"", "stack": "Error: expect(received).toContain(expected) // indexOf·
    Expected substring: \"Cancelled\"
    Received string:    \"Welcome Administrator !·
    AN·
    Administrator
    admin@example.com
    Material Request Details
    Get Items from
    Details
    Additional Information
    Connections
    Basic Information
    Series *
    Request Date *
    Purpose *
    Price List *
    Required Before *
    Items
    Scan Barcode
    Set Warehouse
    Items Record
    Add Item
    	Item Code	Required Before	Quantity	Warehouse	UOM···············
    Cancel
    Save\"
        at C:\\Playwright_Automation\\Shamel\\srs-material-request.spec.ts:219:39"}, {"cause": undefined, "errorContext": "- spinbutton \"0\": \"1\"", "message": "Error: expect(locator).toBeDisabled() failed·
    Locator:  getByRole('main').locator('//h3[normalize-space(.)=\"Items Record\"]/../..').locator('input[type=number]').first()
    Expected: disabled
    Received: enabled
    Timeout:  15000ms·
    Call log:
      - Expect \"soft toBeDisabled\" getByRole('main').locator('//h3[normalize-space(.)=\"Items Record\"]/../..').locator('input[type=number]').first() with timeout 15000ms
      - waiting for getByRole('main').locator('//h3[normalize-space(.)=\"Items Record\"]/../..').locator('input[type=number]').first()
        31 × locator resolved to <input type=\"number\" placeholder=\"0\" data-v-9bbef77e=\"\" class=\"id-uom-input\"/>
           - unexpected value \"enabled\"
    ", "stack": "Error: expect(locator).toBeDisabled() failed·
    Locator:  getByRole('main').locator('//h3[normalize-space(.)=\"Items Record\"]/../..').locator('input[type=number]').first()
    Expected: disabled
    Received: enabled
    Timeout:  15000ms·
    Call log:
      - Expect \"soft toBeDisabled\" getByRole('main').locator('//h3[normalize-space(.)=\"Items Record\"]/../..').locator('input[type=number]').first() with timeout 15000ms
      - waiting for getByRole('main').locator('//h3[normalize-space(.)=\"Items Record\"]/../..').locator('input[type=number]').first()
        31 × locator resolved to <input type=\"number\" placeholder=\"0\" data-v-9bbef77e=\"\" class=\"id-uom-input\"/>
           - unexpected value \"enabled\"·
        at C:\\Playwright_Automation\\Shamel\\srs-material-request.spec.ts:220:42"}]

      219 |     expect.soft(await mainText(page)).toContain('Cancelled');
      220 |     await expect.soft(mrPage.row(0).qty).toBeDisabled();
    > 221 |     expect(test.info().errors).toHaveLength(0);
          |                                ^
      222 |   });
      223 | });
      224 |
        at C:\Playwright_Automation\Shamel\srs-material-request.spec.ts:221:32

    attachment #1: screenshot (image/png) ──────────────────────────────────────────────────────────
    test-results\srs-material-request-UC4---658c7--Cancelled-and-is-read-only-chromium\test-failed-1.png
    ────────────────────────────────────────────────────────────────────────────────────────────────

    attachment #2: video (video/webm) ──────────────────────────────────────────────────────────────
    test-results\srs-material-request-UC4---658c7--Cancelled-and-is-read-only-chromium\video.webm
    ────────────────────────────────────────────────────────────────────────────────────────────────

    Error Context: test-results\srs-material-request-UC4---658c7--Cancelled-and-is-read-only-chromium\error-context.md

  18) [chromium] › Shamel\srs-material-request.spec.ts:226:7 › UC3 - More Info: status and % Ordered › A new submitted Purchase request is Pending with 0% ordered 

    Error: page.goto: Target page, context or browser has been closed

       at pages\MaterialRequestPage.ts:21

      19 |   /** The app ignores hash-only URL changes, so always load from scratch. */
      20 |   private async open(hash: string) {
    > 21 |     await this.page.goto('about:blank');
         |                     ^
      22 |     await this.page.goto(`/desk/shamel#/inventory/${hash}`, LOAD);
      23 |   }
      24 |
        at MaterialRequestPage.open (C:\Playwright_Automation\Shamel\pages\MaterialRequestPage.ts:21:21)
        at MaterialRequestPage.gotoDetails (C:\Playwright_Automation\Shamel\pages\MaterialRequestPage.ts:36:16)
        at C:\Playwright_Automation\Shamel\srs-material-request.spec.ts:228:18

    attachment #1: video (video/webm) ──────────────────────────────────────────────────────────────
    test-results\srs-material-request-UC3---0d086-t-is-Pending-with-0-ordered-chromium\video.webm
    ────────────────────────────────────────────────────────────────────────────────────────────────

    Error Context: test-results\srs-material-request-UC3---0d086-t-is-Pending-with-0-ordered-chromium\error-context.md

  19) [chromium] › Shamel\srs-material-request.spec.ts:232:7 › UC3 - More Info: status and % Ordered › Ordering part of the quantity gives Partially Ordered and the right % 

    Error: expect(locator).toHaveValue(expected) failed

    Locator:  getByRole('main').getByText('Status', { exact: true }).first().locator('xpath=following::input[1]')
    Expected: "Partially Ordered"
    Received: "2026"
    Timeout:  120000ms

    Call log:
      - Expect "toHaveValue" getByRole('main').getByText('Status', { exact: true }).first().locator('xpath=following::input[1]') with timeout 120000ms
      - waiting for getByRole('main').getByText('Status', { exact: true }).first().locator('xpath=following::input[1]')
        228 × locator resolved to <input type="number" tabindex="-1" aria-label="Year" class="numInput cur-year"/>
            - unexpected value "2026"


       at pages\MaterialRequestPage.ts:169

      167 |   async expectStatus(status: string, perOrdered?: string) {
      168 |     await this.tab('Additional Information').click();
    > 169 |     await expect(this.fieldAfterLabel('Status')).toHaveValue(status, LOAD);
          |                                                  ^
      170 |     if (perOrdered !== undefined) await expect(this.fieldAfterLabel('% Ordered')).toHaveValue(perOrdered);
      171 |   }
      172 | }
        at MaterialRequestPage.expectStatus (C:\Playwright_Automation\Shamel\pages\MaterialRequestPage.ts:169:50)
        at C:\Playwright_Automation\Shamel\srs-material-request.spec.ts:236:5

    attachment #1: screenshot (image/png) ──────────────────────────────────────────────────────────
    test-results\srs-material-request-UC3---8664d-ally-Ordered-and-the-right--chromium\test-failed-1.png
    ────────────────────────────────────────────────────────────────────────────────────────────────

    attachment #2: video (video/webm) ──────────────────────────────────────────────────────────────
    test-results\srs-material-request-UC3---8664d-ally-Ordered-and-the-right--chromium\video.webm
    ────────────────────────────────────────────────────────────────────────────────────────────────

    Error Context: test-results\srs-material-request-UC3---8664d-ally-Ordered-and-the-right--chromium\error-context.md

  20) [chromium] › Shamel\srs-material-request.spec.ts:239:7 › UC3 - More Info: status and % Ordered › Ordering and receiving the full quantity gives Received 

    Error: expect(locator).toHaveValue(expected) failed

    Locator:  getByRole('main').getByText('Status', { exact: true }).first().locator('xpath=following::input[1]')
    Expected: "Received"
    Received: "2026"
    Timeout:  120000ms

    Call log:
      - Expect "toHaveValue" getByRole('main').getByText('Status', { exact: true }).first().locator('xpath=following::input[1]') with timeout 120000ms
      - waiting for getByRole('main').getByText('Status', { exact: true }).first().locator('xpath=following::input[1]')
        217 × locator resolved to <input type="number" tabindex="-1" aria-label="Year" class="numInput cur-year"/>
            - unexpected value "2026"


       at pages\MaterialRequestPage.ts:169

      167 |   async expectStatus(status: string, perOrdered?: string) {
      168 |     await this.tab('Additional Information').click();
    > 169 |     await expect(this.fieldAfterLabel('Status')).toHaveValue(status, LOAD);
          |                                                  ^
      170 |     if (perOrdered !== undefined) await expect(this.fieldAfterLabel('% Ordered')).toHaveValue(perOrdered);
      171 |   }
      172 | }
        at MaterialRequestPage.expectStatus (C:\Playwright_Automation\Shamel\pages\MaterialRequestPage.ts:169:50)
        at C:\Playwright_Automation\Shamel\srs-material-request.spec.ts:245:5

    attachment #1: screenshot (image/png) ──────────────────────────────────────────────────────────
    test-results\srs-material-request-UC3---bf9af-ull-quantity-gives-Received-chromium\test-failed-1.png
    ────────────────────────────────────────────────────────────────────────────────────────────────

    attachment #2: video (video/webm) ──────────────────────────────────────────────────────────────
    test-results\srs-material-request-UC3---bf9af-ull-quantity-gives-Received-chromium\video.webm
    ────────────────────────────────────────────────────────────────────────────────────────────────

    Error Context: test-results\srs-material-request-UC3---bf9af-ull-quantity-gives-Received-chromium\error-context.md

  21) [chromium] › Shamel\srs-material-request.spec.ts:248:7 › UC3 - More Info: status and % Ordered › A stopped request shows Stopped 

    Error: expect(locator).toHaveValue(expected) failed

    Locator:  getByRole('main').getByText('Status', { exact: true }).first().locator('xpath=following::input[1]')
    Expected: "Stopped"
    Received: "2026"
    Timeout:  120000ms

    Call log:
      - Expect "toHaveValue" getByRole('main').getByText('Status', { exact: true }).first().locator('xpath=following::input[1]') with timeout 120000ms
      - waiting for getByRole('main').getByText('Status', { exact: true }).first().locator('xpath=following::input[1]')
        228 × locator resolved to <input type="number" tabindex="-1" aria-label="Year" class="numInput cur-year"/>
            - unexpected value "2026"


       at pages\MaterialRequestPage.ts:169

      167 |   async expectStatus(status: string, perOrdered?: string) {
      168 |     await this.tab('Additional Information').click();
    > 169 |     await expect(this.fieldAfterLabel('Status')).toHaveValue(status, LOAD);
          |                                                  ^
      170 |     if (perOrdered !== undefined) await expect(this.fieldAfterLabel('% Ordered')).toHaveValue(perOrdered);
      171 |   }
      172 | }
        at MaterialRequestPage.expectStatus (C:\Playwright_Automation\Shamel\pages\MaterialRequestPage.ts:169:50)
        at C:\Playwright_Automation\Shamel\srs-material-request.spec.ts:252:5

    attachment #1: screenshot (image/png) ──────────────────────────────────────────────────────────
    test-results\srs-material-request-UC3---9b3ec-opped-request-shows-Stopped-chromium\test-failed-1.png
    ────────────────────────────────────────────────────────────────────────────────────────────────

    attachment #2: video (video/webm) ──────────────────────────────────────────────────────────────
    test-results\srs-material-request-UC3---9b3ec-opped-request-shows-Stopped-chromium\video.webm
    ────────────────────────────────────────────────────────────────────────────────────────────────

    Error Context: test-results\srs-material-request-UC3---9b3ec-opped-request-shows-Stopped-chromium\error-context.md

  22) [chromium] › Shamel\srs-material-request.spec.ts:255:7 › UC3 - More Info: status and % Ordered › Issuing the full quantity of a Material Issue gives Issued 

    Error: expect(locator).toHaveValue(expected) failed

    Locator:  getByRole('main').getByText('Status', { exact: true }).first().locator('xpath=following::input[1]')
    Expected: "Issued"
    Received: "2026"
    Timeout:  120000ms

    Call log:
      - Expect "toHaveValue" getByRole('main').getByText('Status', { exact: true }).first().locator('xpath=following::input[1]') with timeout 120000ms
      - waiting for getByRole('main').getByText('Status', { exact: true }).first().locator('xpath=following::input[1]')
        228 × locator resolved to <input type="number" tabindex="-1" aria-label="Year" class="numInput cur-year"/>
            - unexpected value "2026"


       at pages\MaterialRequestPage.ts:169

      167 |   async expectStatus(status: string, perOrdered?: string) {
      168 |     await this.tab('Additional Information').click();
    > 169 |     await expect(this.fieldAfterLabel('Status')).toHaveValue(status, LOAD);
          |                                                  ^
      170 |     if (perOrdered !== undefined) await expect(this.fieldAfterLabel('% Ordered')).toHaveValue(perOrdered);
      171 |   }
      172 | }
        at MaterialRequestPage.expectStatus (C:\Playwright_Automation\Shamel\pages\MaterialRequestPage.ts:169:50)
        at C:\Playwright_Automation\Shamel\srs-material-request.spec.ts:260:5

    attachment #1: screenshot (image/png) ──────────────────────────────────────────────────────────
    test-results\srs-material-request-UC3---4e634-Material-Issue-gives-Issued-chromium\test-failed-1.png
    ────────────────────────────────────────────────────────────────────────────────────────────────

    attachment #2: video (video/webm) ──────────────────────────────────────────────────────────────
    test-results\srs-material-request-UC3---4e634-Material-Issue-gives-Issued-chromium\video.webm
    ────────────────────────────────────────────────────────────────────────────────────────────────

    Error Context: test-results\srs-material-request-UC3---4e634-Material-Issue-gives-Issued-chromium\error-context.md

  23) [chromium] › Shamel\srs-material-request.spec.ts:263:7 › UC3 - More Info: status and % Ordered › Transferring the full quantity of a Material Transfer gives Transferred 

    Error: expect(locator).toHaveValue(expected) failed

    Locator:  getByRole('main').getByText('Status', { exact: true }).first().locator('xpath=following::input[1]')
    Expected: "Transferred"
    Received: "2026"
    Timeout:  120000ms

    Call log:
      - Expect "toHaveValue" getByRole('main').getByText('Status', { exact: true }).first().locator('xpath=following::input[1]') with timeout 120000ms
      - waiting for getByRole('main').getByText('Status', { exact: true }).first().locator('xpath=following::input[1]')
        150 × locator resolved to <input type="number" tabindex="-1" aria-label="Year" class="numInput cur-year"/>
            - unexpected value "2026"


       at pages\MaterialRequestPage.ts:169

      167 |   async expectStatus(status: string, perOrdered?: string) {
      168 |     await this.tab('Additional Information').click();
    > 169 |     await expect(this.fieldAfterLabel('Status')).toHaveValue(status, LOAD);
          |                                                  ^
      170 |     if (perOrdered !== undefined) await expect(this.fieldAfterLabel('% Ordered')).toHaveValue(perOrdered);
      171 |   }
      172 | }
        at MaterialRequestPage.expectStatus (C:\Playwright_Automation\Shamel\pages\MaterialRequestPage.ts:169:50)
        at C:\Playwright_Automation\Shamel\srs-material-request.spec.ts:268:5

    attachment #1: screenshot (image/png) ──────────────────────────────────────────────────────────
    test-results\srs-material-request-UC3---8a5f7--Transfer-gives-Transferred-chromium\test-failed-1.png
    ────────────────────────────────────────────────────────────────────────────────────────────────

    attachment #2: video (video/webm) ──────────────────────────────────────────────────────────────
    test-results\srs-material-request-UC3---8a5f7--Transfer-gives-Transferred-chromium\video.webm
    ────────────────────────────────────────────────────────────────────────────────────────────────

    Error Context: test-results\srs-material-request-UC3---8a5f7--Transfer-gives-Transferred-chromium\error-context.md

  24) [chromium] › Shamel\srs-material-request.spec.ts:294:7 › Connections › Connections show who created each linked document 

    Error: expect(locator).not.toContainText(expected) failed

    Locator: getByRole('main').getByRole('table').getByRole('row').nth(1)
    Expected substring: not "None"
    Received string: "PUR-ORD-2026-000152026-10-07Administrator None"
    Timeout: 15000ms

    Call log:
      - Expect "not toContainText" getByRole('main').getByRole('table').getByRole('row').nth(1) with timeout 15000ms
      - waiting for getByRole('main').getByRole('table').getByRole('row').nth(1)
        31 × locator resolved to <tr data-v-e29f01c8="">…</tr>
           - unexpected value "PUR-ORD-2026-000152026-10-07Administrator None"


      299 |     const row = page.getByRole('main').getByRole('table').getByRole('row').nth(1);
      300 |     await expect(row).toContainText('Administrator', { timeout: 120_000 });
    > 301 |     await expect(row).not.toContainText('None');
          |                           ^
      302 |   });
      303 | });
      304 |
        at C:\Playwright_Automation\Shamel\srs-material-request.spec.ts:301:27

    attachment #1: screenshot (image/png) ──────────────────────────────────────────────────────────
    test-results\srs-material-request-Conne-38b65-reated-each-linked-document-chromium\test-failed-1.png
    ────────────────────────────────────────────────────────────────────────────────────────────────

    attachment #2: video (video/webm) ──────────────────────────────────────────────────────────────
    test-results\srs-material-request-Conne-38b65-reated-each-linked-document-chromium\video.webm
    ────────────────────────────────────────────────────────────────────────────────────────────────

    Error Context: test-results\srs-material-request-Conne-38b65-reated-each-linked-document-chromium\error-context.md

  25) [chromium] › Shamel\srs-material-request.spec.ts:336:7 › Get Items From › Picking a Sales Order adds its items with their quantities 

    Error: expect(locator).toHaveValue(expected) failed

    Locator: getByRole('main').locator('//h3[normalize-space(.)="Items Record"]/../..').getByPlaceholder('Item Code', { exact: true }).first()
    Expected pattern: /PW MR Stock Item/
    Received string:  "STO-ITEM-2026-00072"
    Timeout: 60000ms

    Call log:
      - Expect "toHaveValue" getByRole('main').locator('//h3[normalize-space(.)="Items Record"]/../..').getByPlaceholder('Item Code', { exact: true }).first() with timeout 60000ms
      - waiting for getByRole('main').locator('//h3[normalize-space(.)="Items Record"]/../..').getByPlaceholder('Item Code', { exact: true }).first()
        99 × locator resolved to <input type="text" role="combobox" class="cs-input" data-v-d10c49f3="" autocomplete="false" aria-expanded="false" aria-disabled="false" placeholder="Item Code" aria-autocomplete="list" value="STO-ITEM-2026-00072" aria-controls="radix-vue-combobox-content-v-7"/>
           - unexpected value "STO-ITEM-2026-00072"


      343 |     await row.getByRole('cell').first().click();
      344 |     await dialog.getByRole('button', { name: /Get Items|Add|Select|Confirm|Done/ }).first().click();
    > 345 |     await expect(mrPage.row(0).itemCode).toHaveValue(new RegExp(ITEM_NAME), { timeout: 60_000 });
          |                                          ^
      346 |     await expect(mrPage.row(0).qty).toHaveValue('6');
      347 |   });
      348 | });
        at C:\Playwright_Automation\Shamel\srs-material-request.spec.ts:345:42

    attachment #1: screenshot (image/png) ──────────────────────────────────────────────────────────
    test-results\srs-material-request-Get-I-2f772-items-with-their-quantities-chromium\test-failed-1.png
    ────────────────────────────────────────────────────────────────────────────────────────────────

    attachment #2: video (video/webm) ──────────────────────────────────────────────────────────────
    test-results\srs-material-request-Get-I-2f772-items-with-their-quantities-chromium\video.webm
    ────────────────────────────────────────────────────────────────────────────────────────────────

    Error Context: test-results\srs-material-request-Get-I-2f772-items-with-their-quantities-chromium\error-context.md

  25 failed
    [chromium] › Shamel\srs-material-request.spec.ts:28:7 › UC1 - Material Request list › List shows Status and Transaction Date columns 
    [chromium] › Shamel\srs-material-request.spec.ts:73:7 › UC2 - New Material Request form (header and dropdowns) › Request Date defaults to today 
    [chromium] › Shamel\srs-material-request.spec.ts:78:7 › UC2 - New Material Request form (header and dropdowns) › Price List offers buying price lists only 
    [chromium] › Shamel\srs-material-request.spec.ts:84:7 › UC2 - New Material Request form (header and dropdowns) › Optional fields are not marked mandatory 
    [chromium] › Shamel\srs-material-request.spec.ts:94:7 › UC2 - New Material Request form (header and dropdowns) › Warehouse list offers only warehouses of the Material Request company 
    [chromium] › Shamel\srs-material-request.spec.ts:101:7 › UC2 - New Material Request form (header and dropdowns) › Warehouse list does not offer group warehouses 
    [chromium] › Shamel\srs-material-request.spec.ts:107:7 › UC2 - New Material Request form (header and dropdowns) › Warehouses with the same name can be told apart 
    [chromium] › Shamel\srs-material-request.spec.ts:114:7 › UC2 - New Material Request form (header and dropdowns) › Item Code list offers every purchasable item, not only the first 20 
    [chromium] › Shamel\srs-material-request.spec.ts:121:7 › UC2 - New Material Request form (header and dropdowns) › UOM list offers every unit, not only the first 20 
    [chromium] › Shamel\srs-material-request.spec.ts:127:7 › UC2 - New Material Request form (header and dropdowns) › Choosing a Terms template fills the Terms and Conditions content 
    [chromium] › Shamel\srs-material-request.spec.ts:145:7 › Server rules behind the form › A group warehouse is rejected on a Material Request 
    [chromium] › Shamel\srs-material-request.spec.ts:172:7 › UC4 - Details of a saved Material Request › Material Issue details show the From Warehouse 
    [chromium] › Shamel\srs-material-request.spec.ts:178:7 › UC4 - Details of a saved Material Request › Details show the document ID and its status 
    [chromium] › Shamel\srs-material-request.spec.ts:186:7 › UC4 - Details of a saved Material Request › A submitted Material Request cannot be edited or deleted 
    [chromium] › Shamel\srs-material-request.spec.ts:196:7 › UC4 - Details of a saved Material Request › A draft Material Request can be submitted 
    [chromium] › Shamel\srs-material-request.spec.ts:206:7 › UC4 - Details of a saved Material Request › Cancel on a submitted Material Request cancels the document 
    [chromium] › Shamel\srs-material-request.spec.ts:215:7 › UC4 - Details of a saved Material Request › A cancelled Material Request shows Cancelled and is read-only 
    [chromium] › Shamel\srs-material-request.spec.ts:226:7 › UC3 - More Info: status and % Ordered › A new submitted Purchase request is Pending with 0% ordered 
    [chromium] › Shamel\srs-material-request.spec.ts:232:7 › UC3 - More Info: status and % Ordered › Ordering part of the quantity gives Partially Ordered and the right % 
    [chromium] › Shamel\srs-material-request.spec.ts:239:7 › UC3 - More Info: status and % Ordered › Ordering and receiving the full quantity gives Received 
    [chromium] › Shamel\srs-material-request.spec.ts:248:7 › UC3 - More Info: status and % Ordered › A stopped request shows Stopped 
    [chromium] › Shamel\srs-material-request.spec.ts:255:7 › UC3 - More Info: status and % Ordered › Issuing the full quantity of a Material Issue gives Issued 
    [chromium] › Shamel\srs-material-request.spec.ts:263:7 › UC3 - More Info: status and % Ordered › Transferring the full quantity of a Material Transfer gives Transferred 
    [chromium] › Shamel\srs-material-request.spec.ts:294:7 › Connections › Connections show who created each linked document 
    [chromium] › Shamel\srs-material-request.spec.ts:336:7 › Get Items From › Picking a Sales Order adds its items with their quantities 
  12 passed (24.4m)
{
  "config": {
    "argv": [
      "C:\\Program Files\\nodejs\\node.exe",
      "C:\\Playwright_Automation\\node_modules\\@playwright\\test\\cli.js",
      "test",
      "Shamel/srs-material-request.spec.ts",
      "--project=chromium",
      "--headed",
      "--workers=2",
      "--reporter=list,json"
    ],
    "configFile": "C:\\Playwright_Automation\\playwright.config.ts",
    "rootDir": "C:/Playwright_Automation/Shamel",
    "failOnFlakyTests": false,
    "forbidOnly": false,
    "fullyParallel": true,
    "globalSetup": null,
    "globalTeardown": null,
    "globalTimeout": 0,
    "grep": {},
    "grepInvert": null,
    "maxFailures": 0,
    "metadata": {
      "actualWorkers": 2
    },
    "preserveOutput": "always",
    "projects": [
      {
        "outputDir": "C:/Playwright_Automation/test-results",
        "repeatEach": 1,
        "retries": 0,
        "metadata": {
          "actualWorkers": 2
        },
        "id": "setup",
        "name": "setup",
        "testDir": "C:/Playwright_Automation/Shamel",
        "testIgnore": [],
        "testMatch": [
          "/.*\\.setup\\.ts/"
        ],
        "timeout": 60000
      },
      {
        "outputDir": "C:/Playwright_Automation/test-results",
        "repeatEach": 1,
        "retries": 0,
        "metadata": {
          "actualWorkers": 2
        },
        "id": "chromium",
        "name": "chromium",
        "testDir": "C:/Playwright_Automation/Shamel",
        "testIgnore": [],
        "testMatch": [
          "**/*.@(spec|test).?(c|m)[jt]s?(x)"
        ],
        "timeout": 60000
      },
      {
        "outputDir": "C:/Playwright_Automation/test-results",
        "repeatEach": 1,
        "retries": 0,
        "metadata": {
          "actualWorkers": 2
        },
        "id": "firefox",
        "name": "firefox",
        "testDir": "C:/Playwright_Automation/Shamel",
        "testIgnore": [],
        "testMatch": [
          "**/*.@(spec|test).?(c|m)[jt]s?(x)"
        ],
        "timeout": 60000
      },
      {
        "outputDir": "C:/Playwright_Automation/test-results",
        "repeatEach": 1,
        "retries": 0,
        "metadata": {
          "actualWorkers": 2
        },
        "id": "webkit",
        "name": "webkit",
        "testDir": "C:/Playwright_Automation/Shamel",
        "testIgnore": [],
        "testMatch": [
          "**/*.@(spec|test).?(c|m)[jt]s?(x)"
        ],
        "timeout": 60000
      }
    ],
    "quiet": false,
    "reporter": [
      [
        "list"
      ],
      [
        "json"
      ]
    ],
    "reportSlowTests": {
      "max": 5,
      "threshold": 300000
    },
    "shard": null,
    "tags": [],
    "updateSnapshots": "missing",
    "updateSourceMethod": "patch",
    "version": "1.63.0",
    "workers": 2,
    "webServer": null
  },
  "suites": [
    {
      "title": "auth.setup.ts",
      "file": "auth.setup.ts",
      "column": 0,
      "line": 0,
      "specs": [
        {
          "title": "authenticate",
          "ok": true,
          "tags": [],
          "tests": [
            {
              "timeout": 60000,
              "annotations": [],
              "expectedStatus": "passed",
              "projectId": "setup",
              "projectName": "setup",
              "results": [
                {
                  "workerIndex": 0,
                  "parallelIndex": 0,
                  "status": "passed",
                  "duration": 4235,
                  "errors": [],
                  "stdout": [],
                  "stderr": [],
                  "retry": 0,
                  "startTime": "2026-10-07T12:03:55.965Z",
                  "annotations": [],
                  "attachments": []
                }
              ],
              "status": "expected"
            }
          ],
          "id": "17e3fe6f4d9d8bd79c6b-60f085b113a677673906",
          "file": "auth.setup.ts",
          "line": 20,
          "column": 6
        }
      ]
    },
    {
      "title": "srs-material-request.spec.ts",
      "file": "srs-material-request.spec.ts",
      "column": 0,
      "line": 0,
      "specs": [],
      "suites": [
        {
          "title": "UC1 - Material Request list",
          "file": "srs-material-request.spec.ts",
          "line": 27,
          "column": 6,
          "specs": [
            {
              "title": "List shows Status and Transaction Date columns",
              "ok": false,
              "tags": [],
              "tests": [
                {
                  "timeout": 240000,
                  "annotations": [
                    {
                      "type": "SRS",
                      "description": "UC1 List columns: ID, Title, Status, Purpose, Transaction Date, Required By (TC-ML)",
                      "location": {
                        "file": "C:\\Playwright_Automation\\Shamel\\srs-material-request.spec.ts",
                        "line": 28,
                        "column": 7
                      }
                    }
                  ],
                  "expectedStatus": "passed",
                  "projectId": "chromium",
                  "projectName": "chromium",
                  "results": [
                    {
                      "workerIndex": 1,
                      "parallelIndex": 0,
                      "status": "failed",
                      "duration": 37954,
                      "error": {
                        "message": "Error: \u001b[2mexpect(\u001b[22m\u001b[31mreceived\u001b[39m\u001b[2m).\u001b[22mtoEqual\u001b[2m(\u001b[22m\u001b[32mexpected\u001b[39m\u001b[2m) // deep equality\u001b[22m\n\nExpected: \u001b[32mArrayContaining [\"Status\", \"Transaction Date\"]\u001b[39m\nReceived: \u001b[31m[\"\", \"ID\", \"Title\", \"Purpose\", \"Set Source Warehouse\", \"Required By\", \"Set Target Warehouse\", \"Job Card\"]\u001b[39m",
                        "stack": "Error: \u001b[2mexpect(\u001b[22m\u001b[31mreceived\u001b[39m\u001b[2m).\u001b[22mtoEqual\u001b[2m(\u001b[22m\u001b[32mexpected\u001b[39m\u001b[2m) // deep equality\u001b[22m\n\nExpected: \u001b[32mArrayContaining [\"Status\", \"Transaction Date\"]\u001b[39m\nReceived: \u001b[31m[\"\", \"ID\", \"Title\", \"Purpose\", \"Set Source Warehouse\", \"Required By\", \"Set Target Warehouse\", \"Job Card\"]\u001b[39m\n    at C:\\Playwright_Automation\\Shamel\\srs-material-request.spec.ts:32:21",
                        "location": {
                          "file": "C:\\Playwright_Automation\\Shamel\\srs-material-request.spec.ts",
                          "column": 21,
                          "line": 32
                        },
                        "snippet": "  30 |     const headers = (await mrPage.table.getByRole('columnheader').allInnerTexts()).map((h) => h.trim());\n  31 |     expect.soft(headers).toEqual(expect.arrayContaining(['ID', 'Title', 'Purpose', 'Required By']));\n> 32 |     expect(headers).toEqual(expect.arrayContaining(['Status', 'Transaction Date']));\n     |                     ^\n  33 |   });\n  34 |\n  35 |   test('A new Material Request appears at the top of the list with its values', srs('UC1 List: newest first, row shows ID/Title/Purpose/Required By (TC-ML)'), async () => {"
                      },
                      "errors": [
                        {
                          "location": {
                            "file": "C:\\Playwright_Automation\\Shamel\\srs-material-request.spec.ts",
                            "column": 21,
                            "line": 32
                          },
                          "message": "Error: \u001b[2mexpect(\u001b[22m\u001b[31mreceived\u001b[39m\u001b[2m).\u001b[22mtoEqual\u001b[2m(\u001b[22m\u001b[32mexpected\u001b[39m\u001b[2m) // deep equality\u001b[22m\n\nExpected: \u001b[32mArrayContaining [\"Status\", \"Transaction Date\"]\u001b[39m\nReceived: \u001b[31m[\"\", \"ID\", \"Title\", \"Purpose\", \"Set Source Warehouse\", \"Required By\", \"Set Target Warehouse\", \"Job Card\"]\u001b[39m\n\n  30 |     const headers = (await mrPage.table.getByRole('columnheader').allInnerTexts()).map((h) => h.trim());\n  31 |     expect.soft(headers).toEqual(expect.arrayContaining(['ID', 'Title', 'Purpose', 'Required By']));\n> 32 |     expect(headers).toEqual(expect.arrayContaining(['Status', 'Transaction Date']));\n     |                     ^\n  33 |   });\n  34 |\n  35 |   test('A new Material Request appears at the top of the list with its values', srs('UC1 List: newest first, row shows ID/Title/Purpose/Required By (TC-ML)'), async () => {\n    at C:\\Playwright_Automation\\Shamel\\srs-material-request.spec.ts:32:21"
                        }
                      ],
                      "stdout": [],
                      "stderr": [],
                      "retry": 0,
                      "startTime": "2026-10-07T12:04:01.651Z",
                      "annotations": [
                        {
                          "type": "SRS",
                          "description": "UC1 List columns: ID, Title, Status, Purpose, Transaction Date, Required By (TC-ML)",
                          "location": {
                            "file": "C:\\Playwright_Automation\\Shamel\\srs-material-request.spec.ts",
                            "line": 28,
                            "column": 7
                          }
                        }
                      ],
                      "attachments": [
                        {
                          "name": "screenshot",
                          "contentType": "image/png",
                          "path": "C:\\Playwright_Automation\\test-results\\srs-material-request-UC1---2ded8-nd-Transaction-Date-columns-chromium\\test-failed-1.png"
                        },
                        {
                          "name": "video",
                          "contentType": "video/webm",
                          "path": "C:\\Playwright_Automation\\test-results\\srs-material-request-UC1---2ded8-nd-Transaction-Date-columns-chromium\\video.webm"
                        },
                        {
                          "name": "error-context",
                          "contentType": "text/markdown",
                          "path": "C:\\Playwright_Automation\\test-results\\srs-material-request-UC1---2ded8-nd-Transaction-Date-columns-chromium\\error-context.md"
                        }
                      ],
                      "errorLocation": {
                        "file": "C:\\Playwright_Automation\\Shamel\\srs-material-request.spec.ts",
                        "column": 21,
                        "line": 32
                      }
                    }
                  ],
                  "status": "unexpected"
                }
              ],
              "id": "de92fb1d85d71b706891-b44449b3ac7222f89d87",
              "file": "srs-material-request.spec.ts",
              "line": 28,
              "column": 7
            },
            {
              "title": "A new Material Request appears at the top of the list with its values",
              "ok": true,
              "tags": [],
              "tests": [
                {
                  "timeout": 240000,
                  "annotations": [
                    {
                      "type": "SRS",
                      "description": "UC1 List: newest first, row shows ID/Title/Purpose/Required By (TC-ML)",
                      "location": {
                        "file": "C:\\Playwright_Automation\\Shamel\\srs-material-request.spec.ts",
                        "line": 35,
                        "column": 7
                      }
                    }
                  ],
                  "expectedStatus": "passed",
                  "projectId": "chromium",
                  "projectName": "chromium",
                  "results": [
                    {
                      "workerIndex": 2,
                      "parallelIndex": 1,
                      "status": "passed",
                      "duration": 36882,
                      "errors": [],
                      "stdout": [],
                      "stderr": [],
                      "retry": 0,
                      "startTime": "2026-10-07T12:04:01.604Z",
                      "annotations": [
                        {
                          "type": "SRS",
                          "description": "UC1 List: newest first, row shows ID/Title/Purpose/Required By (TC-ML)",
                          "location": {
                            "file": "C:\\Playwright_Automation\\Shamel\\srs-material-request.spec.ts",
                            "line": 35,
                            "column": 7
                          }
                        }
                      ],
                      "attachments": []
                    }
                  ],
                  "status": "expected"
                }
              ],
              "id": "de92fb1d85d71b706891-534fedf624f36adceb68",
              "file": "srs-material-request.spec.ts",
              "line": 35,
              "column": 7
            },
            {
              "title": "Total record count matches the number of Material Requests",
              "ok": true,
              "tags": [],
              "tests": [
                {
                  "timeout": 240000,
                  "annotations": [
                    {
                      "type": "SRS",
                      "description": "UC1 List: pagination shows total records (TC-ML)",
                      "location": {
                        "file": "C:\\Playwright_Automation\\Shamel\\srs-material-request.spec.ts",
                        "line": 45,
                        "column": 7
                      }
                    }
                  ],
                  "expectedStatus": "passed",
                  "projectId": "chromium",
                  "projectName": "chromium",
                  "results": [
                    {
                      "workerIndex": 2,
                      "parallelIndex": 1,
                      "status": "passed",
                      "duration": 33071,
                      "errors": [],
                      "stdout": [],
                      "stderr": [],
                      "retry": 0,
                      "startTime": "2026-10-07T12:04:38.906Z",
                      "annotations": [
                        {
                          "type": "SRS",
                          "description": "UC1 List: pagination shows total records (TC-ML)",
                          "location": {
                            "file": "C:\\Playwright_Automation\\Shamel\\srs-material-request.spec.ts",
                            "line": 45,
                            "column": 7
                          }
                        }
                      ],
                      "attachments": []
                    }
                  ],
                  "status": "expected"
                }
              ],
              "id": "de92fb1d85d71b706891-e78846c3279321c3f287",
              "file": "srs-material-request.spec.ts",
              "line": 45,
              "column": 7
            },
            {
              "title": "Search by ID shows only the matching Material Request",
              "ok": true,
              "tags": [],
              "tests": [
                {
                  "timeout": 240000,
                  "annotations": [
                    {
                      "type": "SRS",
                      "description": "UC1 List: search by ID (TC-ML)",
                      "location": {
                        "file": "C:\\Playwright_Automation\\Shamel\\srs-material-request.spec.ts",
                        "line": 51,
                        "column": 7
                      }
                    }
                  ],
                  "expectedStatus": "passed",
                  "projectId": "chromium",
                  "projectName": "chromium",
                  "results": [
                    {
                      "workerIndex": 3,
                      "parallelIndex": 0,
                      "status": "passed",
                      "duration": 59323,
                      "errors": [],
                      "stdout": [],
                      "stderr": [],
                      "retry": 0,
                      "startTime": "2026-10-07T12:04:41.242Z",
                      "annotations": [
                        {
                          "type": "SRS",
                          "description": "UC1 List: search by ID (TC-ML)",
                          "location": {
                            "file": "C:\\Playwright_Automation\\Shamel\\srs-material-request.spec.ts",
                            "line": 51,
                            "column": 7
                          }
                        }
                      ],
                      "attachments": []
                    }
                  ],
                  "status": "expected"
                }
              ],
              "id": "de92fb1d85d71b706891-0da296c85b186d77c31c",
              "file": "srs-material-request.spec.ts",
              "line": 51,
              "column": 7
            },
            {
              "title": "Clicking a row opens that Material Request",
              "ok": true,
              "tags": [],
              "tests": [
                {
                  "timeout": 240000,
                  "annotations": [
                    {
                      "type": "SRS",
                      "description": "UC1 List: open record details (TC-ML)",
                      "location": {
                        "file": "C:\\Playwright_Automation\\Shamel\\srs-material-request.spec.ts",
                        "line": 59,
                        "column": 7
                      }
                    }
                  ],
                  "expectedStatus": "passed",
                  "projectId": "chromium",
                  "projectName": "chromium",
                  "results": [
                    {
                      "workerIndex": 2,
                      "parallelIndex": 1,
                      "status": "passed",
                      "duration": 21621,
                      "errors": [],
                      "stdout": [],
                      "stderr": [],
                      "retry": 0,
                      "startTime": "2026-10-07T12:05:12.035Z",
                      "annotations": [
                        {
                          "type": "SRS",
                          "description": "UC1 List: open record details (TC-ML)",
                          "location": {
                            "file": "C:\\Playwright_Automation\\Shamel\\srs-material-request.spec.ts",
                            "line": 59,
                            "column": 7
                          }
                        }
                      ],
                      "attachments": []
                    }
                  ],
                  "status": "expected"
                }
              ],
              "id": "de92fb1d85d71b706891-f35e4407715515241824",
              "file": "srs-material-request.spec.ts",
              "line": 59,
              "column": 7
            }
          ]
        },
        {
          "title": "UC2 - New Material Request form (header and dropdowns)",
          "file": "srs-material-request.spec.ts",
          "line": 68,
          "column": 6,
          "specs": [
            {
              "title": "Request Date defaults to today",
              "ok": false,
              "tags": [],
              "tests": [
                {
                  "timeout": 240000,
                  "annotations": [
                    {
                      "type": "SRS",
                      "description": "UC2 Request Date: default today (TC-AD)",
                      "location": {
                        "file": "C:\\Playwright_Automation\\Shamel\\srs-material-request.spec.ts",
                        "line": 73,
                        "column": 7
                      }
                    }
                  ],
                  "expectedStatus": "passed",
                  "projectId": "chromium",
                  "projectName": "chromium",
                  "results": [
                    {
                      "workerIndex": 2,
                      "parallelIndex": 1,
                      "status": "failed",
                      "duration": 32410,
                      "error": {
                        "message": "Error: \u001b[2mexpect(\u001b[22m\u001b[31mlocator\u001b[39m\u001b[2m).\u001b[22mtoHaveValue\u001b[2m(\u001b[22m\u001b[32mexpected\u001b[39m\u001b[2m)\u001b[22m failed\n\nLocator:  getByRole('main').locator('input.flatpickr-input:not([type=hidden])').first()\nExpected: \u001b[32m\"Oct 7, 2026\"\u001b[39m\nReceived: \u001b[31m\"\"\u001b[39m\nTimeout:  15000ms\n\nCall log:\n\u001b[2m  - Expect \"toHaveValue\" getByRole('main').locator('input.flatpickr-input:not([type=hidden])').first() with timeout 15000ms\u001b[22m\n\u001b[2m  - waiting for getByRole('main').locator('input.flatpickr-input:not([type=hidden])').first()\u001b[22m\n\u001b[2m    32 × locator resolved to <input type=\"text\" tabindex=\"0\" readonly=\"readonly\" class=\"flatpickr-input\" placeholder=\"Select date\"/>\u001b[22m\n\u001b[2m       - unexpected value \"\"\u001b[22m\n",
                        "stack": "Error: \u001b[2mexpect(\u001b[22m\u001b[31mlocator\u001b[39m\u001b[2m).\u001b[22mtoHaveValue\u001b[2m(\u001b[22m\u001b[32mexpected\u001b[39m\u001b[2m)\u001b[22m failed\n\nLocator:  getByRole('main').locator('input.flatpickr-input:not([type=hidden])').first()\nExpected: \u001b[32m\"Oct 7, 2026\"\u001b[39m\nReceived: \u001b[31m\"\"\u001b[39m\nTimeout:  15000ms\n\nCall log:\n\u001b[2m  - Expect \"toHaveValue\" getByRole('main').locator('input.flatpickr-input:not([type=hidden])').first() with timeout 15000ms\u001b[22m\n\u001b[2m  - waiting for getByRole('main').locator('input.flatpickr-input:not([type=hidden])').first()\u001b[22m\n\u001b[2m    32 × locator resolved to <input type=\"text\" tabindex=\"0\" readonly=\"readonly\" class=\"flatpickr-input\" placeholder=\"Select date\"/>\u001b[22m\n\u001b[2m       - unexpected value \"\"\u001b[22m\n\n    at C:\\Playwright_Automation\\Shamel\\srs-material-request.spec.ts:75:46",
                        "location": {
                          "file": "C:\\Playwright_Automation\\Shamel\\srs-material-request.spec.ts",
                          "column": 46,
                          "line": 75
                        },
                        "snippet": "  73 |   test('Request Date defaults to today', srs('UC2 Request Date: default today (TC-AD)'), async () => {\n  74 |     const label = new Date(`${today()}T12:00:00`).toLocaleDateString('en-US', { month: 'short', day: 'numeric', year: 'numeric' });\n> 75 |     await expect(mrPage.dateInputs().nth(0)).toHaveValue(label);\n     |                                              ^\n  76 |   });\n  77 |\n  78 |   test('Price List offers buying price lists only', srs('UC2 Price List: buying price lists (TC-AD)'), async () => {"
                      },
                      "errors": [
                        {
                          "location": {
                            "file": "C:\\Playwright_Automation\\Shamel\\srs-material-request.spec.ts",
                            "column": 46,
                            "line": 75
                          },
                          "message": "Error: \u001b[2mexpect(\u001b[22m\u001b[31mlocator\u001b[39m\u001b[2m).\u001b[22mtoHaveValue\u001b[2m(\u001b[22m\u001b[32mexpected\u001b[39m\u001b[2m)\u001b[22m failed\n\nLocator:  getByRole('main').locator('input.flatpickr-input:not([type=hidden])').first()\nExpected: \u001b[32m\"Oct 7, 2026\"\u001b[39m\nReceived: \u001b[31m\"\"\u001b[39m\nTimeout:  15000ms\n\nCall log:\n\u001b[2m  - Expect \"toHaveValue\" getByRole('main').locator('input.flatpickr-input:not([type=hidden])').first() with timeout 15000ms\u001b[22m\n\u001b[2m  - waiting for getByRole('main').locator('input.flatpickr-input:not([type=hidden])').first()\u001b[22m\n\u001b[2m    32 × locator resolved to <input type=\"text\" tabindex=\"0\" readonly=\"readonly\" class=\"flatpickr-input\" placeholder=\"Select date\"/>\u001b[22m\n\u001b[2m       - unexpected value \"\"\u001b[22m\n\n\n  73 |   test('Request Date defaults to today', srs('UC2 Request Date: default today (TC-AD)'), async () => {\n  74 |     const label = new Date(`${today()}T12:00:00`).toLocaleDateString('en-US', { month: 'short', day: 'numeric', year: 'numeric' });\n> 75 |     await expect(mrPage.dateInputs().nth(0)).toHaveValue(label);\n     |                                              ^\n  76 |   });\n  77 |\n  78 |   test('Price List offers buying price lists only', srs('UC2 Price List: buying price lists (TC-AD)'), async () => {\n    at C:\\Playwright_Automation\\Shamel\\srs-material-request.spec.ts:75:46"
                        }
                      ],
                      "stdout": [],
                      "stderr": [],
                      "retry": 0,
                      "startTime": "2026-10-07T12:05:33.692Z",
                      "annotations": [
                        {
                          "type": "SRS",
                          "description": "UC2 Request Date: default today (TC-AD)",
                          "location": {
                            "file": "C:\\Playwright_Automation\\Shamel\\srs-material-request.spec.ts",
                            "line": 73,
                            "column": 7
                          }
                        }
                      ],
                      "attachments": [
                        {
                          "name": "screenshot",
                          "contentType": "image/png",
                          "path": "C:\\Playwright_Automation\\test-results\\srs-material-request-UC2---91106-uest-Date-defaults-to-today-chromium\\test-failed-1.png"
                        },
                        {
                          "name": "video",
                          "contentType": "video/webm",
                          "path": "C:\\Playwright_Automation\\test-results\\srs-material-request-UC2---91106-uest-Date-defaults-to-today-chromium\\video.webm"
                        },
                        {
                          "name": "error-context",
                          "contentType": "text/markdown",
                          "path": "C:\\Playwright_Automation\\test-results\\srs-material-request-UC2---91106-uest-Date-defaults-to-today-chromium\\error-context.md"
                        }
                      ],
                      "errorLocation": {
                        "file": "C:\\Playwright_Automation\\Shamel\\srs-material-request.spec.ts",
                        "column": 46,
                        "line": 75
                      }
                    }
                  ],
                  "status": "unexpected"
                }
              ],
              "id": "de92fb1d85d71b706891-f52e0066973293d390d1",
              "file": "srs-material-request.spec.ts",
              "line": 73,
              "column": 7
            },
            {
              "title": "Price List offers buying price lists only",
              "ok": false,
              "tags": [],
              "tests": [
                {
                  "timeout": 240000,
                  "annotations": [
                    {
                      "type": "SRS",
                      "description": "UC2 Price List: buying price lists (TC-AD)",
                      "location": {
                        "file": "C:\\Playwright_Automation\\Shamel\\srs-material-request.spec.ts",
                        "line": 78,
                        "column": 7
                      }
                    }
                  ],
                  "expectedStatus": "passed",
                  "projectId": "chromium",
                  "projectName": "chromium",
                  "results": [
                    {
                      "workerIndex": 3,
                      "parallelIndex": 0,
                      "status": "failed",
                      "duration": 17805,
                      "error": {
                        "message": "Error: \u001b[2mexpect(\u001b[22m\u001b[31mreceived\u001b[39m\u001b[2m).\u001b[22mtoEqual\u001b[2m(\u001b[22m\u001b[32mexpected\u001b[39m\u001b[2m) // deep equality\u001b[22m\n\n\u001b[32m- Expected  - 1\u001b[39m\n\u001b[31m+ Received  + 4\u001b[39m\n\n\u001b[32m- Array []\u001b[39m\n\u001b[31m+ Array [\u001b[39m\n\u001b[31m+   \"Standard Selling\",\u001b[39m\n\u001b[31m+   \"Standard Selling KW\",\u001b[39m\n\u001b[31m+ ]\u001b[39m",
                        "stack": "Error: \u001b[2mexpect(\u001b[22m\u001b[31mreceived\u001b[39m\u001b[2m).\u001b[22mtoEqual\u001b[2m(\u001b[22m\u001b[32mexpected\u001b[39m\u001b[2m) // deep equality\u001b[22m\n\n\u001b[32m- Expected  - 1\u001b[39m\n\u001b[31m+ Received  + 4\u001b[39m\n\n\u001b[32m- Array []\u001b[39m\n\u001b[31m+ Array [\u001b[39m\n\u001b[31m+   \"Standard Selling\",\u001b[39m\n\u001b[31m+   \"Standard Selling KW\",\u001b[39m\n\u001b[31m+ ]\u001b[39m\n    at C:\\Playwright_Automation\\Shamel\\srs-material-request.spec.ts:81:55",
                        "location": {
                          "file": "C:\\Playwright_Automation\\Shamel\\srs-material-request.spec.ts",
                          "column": 55,
                          "line": 81
                        },
                        "snippet": "  79 |     const options = await mrPage.options(mrPage.combo('Select Price List'));\n  80 |     expect.soft(options).toContain('Standard Buying');\n> 81 |     expect(options.filter((o) => /Selling/i.test(o))).toEqual([]);\n     |                                                       ^\n  82 |   });\n  83 |\n  84 |   test('Optional fields are not marked mandatory', srs('UC2/UC3: Price List, Required Before, Terms, Terms content are optional (TC-AD, TC-MI)'), async () => {"
                      },
                      "errors": [
                        {
                          "location": {
                            "file": "C:\\Playwright_Automation\\Shamel\\srs-material-request.spec.ts",
                            "column": 55,
                            "line": 81
                          },
                          "message": "Error: \u001b[2mexpect(\u001b[22m\u001b[31mreceived\u001b[39m\u001b[2m).\u001b[22mtoEqual\u001b[2m(\u001b[22m\u001b[32mexpected\u001b[39m\u001b[2m) // deep equality\u001b[22m\n\n\u001b[32m- Expected  - 1\u001b[39m\n\u001b[31m+ Received  + 4\u001b[39m\n\n\u001b[32m- Array []\u001b[39m\n\u001b[31m+ Array [\u001b[39m\n\u001b[31m+   \"Standard Selling\",\u001b[39m\n\u001b[31m+   \"Standard Selling KW\",\u001b[39m\n\u001b[31m+ ]\u001b[39m\n\n  79 |     const options = await mrPage.options(mrPage.combo('Select Price List'));\n  80 |     expect.soft(options).toContain('Standard Buying');\n> 81 |     expect(options.filter((o) => /Selling/i.test(o))).toEqual([]);\n     |                                                       ^\n  82 |   });\n  83 |\n  84 |   test('Optional fields are not marked mandatory', srs('UC2/UC3: Price List, Required Before, Terms, Terms content are optional (TC-AD, TC-MI)'), async () => {\n    at C:\\Playwright_Automation\\Shamel\\srs-material-request.spec.ts:81:55"
                        }
                      ],
                      "stdout": [],
                      "stderr": [],
                      "retry": 0,
                      "startTime": "2026-10-07T12:05:40.915Z",
                      "annotations": [
                        {
                          "type": "SRS",
                          "description": "UC2 Price List: buying price lists (TC-AD)",
                          "location": {
                            "file": "C:\\Playwright_Automation\\Shamel\\srs-material-request.spec.ts",
                            "line": 78,
                            "column": 7
                          }
                        }
                      ],
                      "attachments": [
                        {
                          "name": "screenshot",
                          "contentType": "image/png",
                          "path": "C:\\Playwright_Automation\\test-results\\srs-material-request-UC2---28cc3-ers-buying-price-lists-only-chromium\\test-failed-1.png"
                        },
                        {
                          "name": "video",
                          "contentType": "video/webm",
                          "path": "C:\\Playwright_Automation\\test-results\\srs-material-request-UC2---28cc3-ers-buying-price-lists-only-chromium\\video.webm"
                        },
                        {
                          "name": "error-context",
                          "contentType": "text/markdown",
                          "path": "C:\\Playwright_Automation\\test-results\\srs-material-request-UC2---28cc3-ers-buying-price-lists-only-chromium\\error-context.md"
                        }
                      ],
                      "errorLocation": {
                        "file": "C:\\Playwright_Automation\\Shamel\\srs-material-request.spec.ts",
                        "column": 55,
                        "line": 81
                      }
                    }
                  ],
                  "status": "unexpected"
                }
              ],
              "id": "de92fb1d85d71b706891-820699984f7a73f74e63",
              "file": "srs-material-request.spec.ts",
              "line": 78,
              "column": 7
            },
            {
              "title": "Optional fields are not marked mandatory",
              "ok": false,
              "tags": [],
              "tests": [
                {
                  "timeout": 240000,
                  "annotations": [
                    {
                      "type": "SRS",
                      "description": "UC2/UC3: Price List, Required Before, Terms, Terms content are optional (TC-AD, TC-MI)",
                      "location": {
                        "file": "C:\\Playwright_Automation\\Shamel\\srs-material-request.spec.ts",
                        "line": 84,
                        "column": 7
                      }
                    }
                  ],
                  "expectedStatus": "passed",
                  "projectId": "chromium",
                  "projectName": "chromium",
                  "results": [
                    {
                      "workerIndex": 4,
                      "parallelIndex": 0,
                      "status": "failed",
                      "duration": 37404,
                      "error": {
                        "message": "Error: Price List\n\n\u001b[2mexpect(\u001b[22m\u001b[31mreceived\u001b[39m\u001b[2m).\u001b[22mnot\u001b[2m.\u001b[22mtoContain\u001b[2m(\u001b[22m\u001b[32mexpected\u001b[39m\u001b[2m) // indexOf\u001b[22m\n\nExpected substring: not \u001b[32m\"Price List *\"\u001b[39m\nReceived string:        \u001b[31m\"Welcome Administrator !\u001b[39m\n\u001b[31m\u001b[39m\n\u001b[31mAN\u001b[39m\n\u001b[31m\u001b[39m\n\u001b[31mAdministrator\u001b[39m\n\u001b[31madmin@example.com\u001b[39m\n\u001b[31mAdd Material Request\u001b[39m\n\u001b[31mGet Items from\u001b[39m\n\u001b[31mDetails\u001b[39m\n\u001b[31mAdditional Information\u001b[39m\n\u001b[31mBasic Information\u001b[39m\n\u001b[31mSeries *\u001b[39m\n\u001b[31mRequest Date *\u001b[39m\n\u001b[31mPurpose *\u001b[39m\n\u001b[31m\u001b[7mPrice List *\u001b[27m\u001b[39m\n\u001b[31mRequired Before *\u001b[39m\n\u001b[31mItems\u001b[39m\n\u001b[31mScan Barcode\u001b[39m\n\u001b[31mItems Record\u001b[39m\n\u001b[31mAdd Item\u001b[39m\n\u001b[31mThere are no data yet\u001b[39m\n\u001b[31mAdd data to the table to start managing your records.\u001b[39m\n\u001b[31mCancel\u001b[39m\n\u001b[31mSave\"\u001b[39m",
                        "stack": "Error: Price List\n\n\u001b[2mexpect(\u001b[22m\u001b[31mreceived\u001b[39m\u001b[2m).\u001b[22mnot\u001b[2m.\u001b[22mtoContain\u001b[2m(\u001b[22m\u001b[32mexpected\u001b[39m\u001b[2m) // indexOf\u001b[22m\n\nExpected substring: not \u001b[32m\"Price List *\"\u001b[39m\nReceived string:        \u001b[31m\"Welcome Administrator !\u001b[39m\n\u001b[31m\u001b[39m\n\u001b[31mAN\u001b[39m\n\u001b[31m\u001b[39m\n\u001b[31mAdministrator\u001b[39m\n\u001b[31madmin@example.com\u001b[39m\n\u001b[31mAdd Material Request\u001b[39m\n\u001b[31mGet Items from\u001b[39m\n\u001b[31mDetails\u001b[39m\n\u001b[31mAdditional Information\u001b[39m\n\u001b[31mBasic Information\u001b[39m\n\u001b[31mSeries *\u001b[39m\n\u001b[31mRequest Date *\u001b[39m\n\u001b[31mPurpose *\u001b[39m\n\u001b[31m\u001b[7mPrice List *\u001b[27m\u001b[39m\n\u001b[31mRequired Before *\u001b[39m\n\u001b[31mItems\u001b[39m\n\u001b[31mScan Barcode\u001b[39m\n\u001b[31mItems Record\u001b[39m\n\u001b[31mAdd Item\u001b[39m\n\u001b[31mThere are no data yet\u001b[39m\n\u001b[31mAdd data to the table to start managing your records.\u001b[39m\n\u001b[31mCancel\u001b[39m\n\u001b[31mSave\"\u001b[39m\n    at C:\\Playwright_Automation\\Shamel\\srs-material-request.spec.ts:86:89",
                        "location": {
                          "file": "C:\\Playwright_Automation\\Shamel\\srs-material-request.spec.ts",
                          "column": 89,
                          "line": 86
                        },
                        "snippet": "  84 |   test('Optional fields are not marked mandatory', srs('UC2/UC3: Price List, Required Before, Terms, Terms content are optional (TC-AD, TC-MI)'), async () => {\n  85 |     const text = await mrPage.main.innerText();\n> 86 |     for (const label of ['Price List', 'Required Before']) expect.soft(text, label).not.toContain(`${label} *`);\n     |                                                                                         ^\n  87 |     await mrPage.tab('Additional Information').click();\n  88 |     const info = await mrPage.main.innerText();\n  89 |     expect.soft(info, 'Terms').not.toMatch(/Terms \\*/);"
                      },
                      "errors": [
                        {
                          "location": {
                            "file": "C:\\Playwright_Automation\\Shamel\\srs-material-request.spec.ts",
                            "column": 89,
                            "line": 86
                          },
                          "message": "Error: Price List\n\n\u001b[2mexpect(\u001b[22m\u001b[31mreceived\u001b[39m\u001b[2m).\u001b[22mnot\u001b[2m.\u001b[22mtoContain\u001b[2m(\u001b[22m\u001b[32mexpected\u001b[39m\u001b[2m) // indexOf\u001b[22m\n\nExpected substring: not \u001b[32m\"Price List *\"\u001b[39m\nReceived string:        \u001b[31m\"Welcome Administrator !\u001b[39m\n\u001b[31m\u001b[39m\n\u001b[31mAN\u001b[39m\n\u001b[31m\u001b[39m\n\u001b[31mAdministrator\u001b[39m\n\u001b[31madmin@example.com\u001b[39m\n\u001b[31mAdd Material Request\u001b[39m\n\u001b[31mGet Items from\u001b[39m\n\u001b[31mDetails\u001b[39m\n\u001b[31mAdditional Information\u001b[39m\n\u001b[31mBasic Information\u001b[39m\n\u001b[31mSeries *\u001b[39m\n\u001b[31mRequest Date *\u001b[39m\n\u001b[31mPurpose *\u001b[39m\n\u001b[31m\u001b[7mPrice List *\u001b[27m\u001b[39m\n\u001b[31mRequired Before *\u001b[39m\n\u001b[31mItems\u001b[39m\n\u001b[31mScan Barcode\u001b[39m\n\u001b[31mItems Record\u001b[39m\n\u001b[31mAdd Item\u001b[39m\n\u001b[31mThere are no data yet\u001b[39m\n\u001b[31mAdd data to the table to start managing your records.\u001b[39m\n\u001b[31mCancel\u001b[39m\n\u001b[31mSave\"\u001b[39m\n\n  84 |   test('Optional fields are not marked mandatory', srs('UC2/UC3: Price List, Required Before, Terms, Terms content are optional (TC-AD, TC-MI)'), async () => {\n  85 |     const text = await mrPage.main.innerText();\n> 86 |     for (const label of ['Price List', 'Required Before']) expect.soft(text, label).not.toContain(`${label} *`);\n     |                                                                                         ^\n  87 |     await mrPage.tab('Additional Information').click();\n  88 |     const info = await mrPage.main.innerText();\n  89 |     expect.soft(info, 'Terms').not.toMatch(/Terms \\*/);\n    at C:\\Playwright_Automation\\Shamel\\srs-material-request.spec.ts:86:89"
                        },
                        {
                          "location": {
                            "file": "C:\\Playwright_Automation\\Shamel\\srs-material-request.spec.ts",
                            "column": 89,
                            "line": 86
                          },
                          "message": "Error: Required Before\n\n\u001b[2mexpect(\u001b[22m\u001b[31mreceived\u001b[39m\u001b[2m).\u001b[22mnot\u001b[2m.\u001b[22mtoContain\u001b[2m(\u001b[22m\u001b[32mexpected\u001b[39m\u001b[2m) // indexOf\u001b[22m\n\nExpected substring: not \u001b[32m\"Required Before *\"\u001b[39m\nReceived string:        \u001b[31m\"Welcome Administrator !\u001b[39m\n\u001b[31m\u001b[39m\n\u001b[31mAN\u001b[39m\n\u001b[31m\u001b[39m\n\u001b[31mAdministrator\u001b[39m\n\u001b[31madmin@example.com\u001b[39m\n\u001b[31mAdd Material Request\u001b[39m\n\u001b[31mGet Items from\u001b[39m\n\u001b[31mDetails\u001b[39m\n\u001b[31mAdditional Information\u001b[39m\n\u001b[31mBasic Information\u001b[39m\n\u001b[31mSeries *\u001b[39m\n\u001b[31mRequest Date *\u001b[39m\n\u001b[31mPurpose *\u001b[39m\n\u001b[31mPrice List *\u001b[39m\n\u001b[31m\u001b[7mRequired Before *\u001b[27m\u001b[39m\n\u001b[31mItems\u001b[39m\n\u001b[31mScan Barcode\u001b[39m\n\u001b[31mItems Record\u001b[39m\n\u001b[31mAdd Item\u001b[39m\n\u001b[31mThere are no data yet\u001b[39m\n\u001b[31mAdd data to the table to start managing your records.\u001b[39m\n\u001b[31mCancel\u001b[39m\n\u001b[31mSave\"\u001b[39m\n\n  84 |   test('Optional fields are not marked mandatory', srs('UC2/UC3: Price List, Required Before, Terms, Terms content are optional (TC-AD, TC-MI)'), async () => {\n  85 |     const text = await mrPage.main.innerText();\n> 86 |     for (const label of ['Price List', 'Required Before']) expect.soft(text, label).not.toContain(`${label} *`);\n     |                                                                                         ^\n  87 |     await mrPage.tab('Additional Information').click();\n  88 |     const info = await mrPage.main.innerText();\n  89 |     expect.soft(info, 'Terms').not.toMatch(/Terms \\*/);\n    at C:\\Playwright_Automation\\Shamel\\srs-material-request.spec.ts:86:89"
                        },
                        {
                          "location": {
                            "file": "C:\\Playwright_Automation\\Shamel\\srs-material-request.spec.ts",
                            "column": 36,
                            "line": 89
                          },
                          "message": "Error: Terms\n\n\u001b[2mexpect(\u001b[22m\u001b[31mreceived\u001b[39m\u001b[2m).\u001b[22mnot\u001b[2m.\u001b[22mtoMatch\u001b[2m(\u001b[22m\u001b[32mexpected\u001b[39m\u001b[2m)\u001b[22m\n\nExpected pattern: not \u001b[32m/Terms \\*/\u001b[39m\nReceived string:      \u001b[31m\"Welcome Administrator !\u001b[39m\n\u001b[31m\u001b[39m\n\u001b[31mAN\u001b[39m\n\u001b[31m\u001b[39m\n\u001b[31mAdministrator\u001b[39m\n\u001b[31madmin@example.com\u001b[39m\n\u001b[31mAdd Material Request\u001b[39m\n\u001b[31mGet Items from\u001b[39m\n\u001b[31mDetails\u001b[39m\n\u001b[31mAdditional Information\u001b[39m\n\u001b[31mAdditional Information\u001b[39m\n\u001b[31m\u001b[7mTerms *\u001b[27m\u001b[39m\n\u001b[31mTerms and Conditions Content *\u001b[39m\n\u001b[31mCancel\u001b[39m\n\u001b[31mSave\"\u001b[39m\n\n  87 |     await mrPage.tab('Additional Information').click();\n  88 |     const info = await mrPage.main.innerText();\n> 89 |     expect.soft(info, 'Terms').not.toMatch(/Terms \\*/);\n     |                                    ^\n  90 |     expect.soft(info, 'Terms content').not.toContain('Terms and Conditions Content *');\n  91 |     expect(test.info().errors).toHaveLength(0);\n  92 |   });\n    at C:\\Playwright_Automation\\Shamel\\srs-material-request.spec.ts:89:36"
                        },
                        {
                          "location": {
                            "file": "C:\\Playwright_Automation\\Shamel\\srs-material-request.spec.ts",
                            "column": 44,
                            "line": 90
                          },
                          "message": "Error: Terms content\n\n\u001b[2mexpect(\u001b[22m\u001b[31mreceived\u001b[39m\u001b[2m).\u001b[22mnot\u001b[2m.\u001b[22mtoContain\u001b[2m(\u001b[22m\u001b[32mexpected\u001b[39m\u001b[2m) // indexOf\u001b[22m\n\nExpected substring: not \u001b[32m\"Terms and Conditions Content *\"\u001b[39m\nReceived string:        \u001b[31m\"Welcome Administrator !\u001b[39m\n\u001b[31m\u001b[39m\n\u001b[31mAN\u001b[39m\n\u001b[31m\u001b[39m\n\u001b[31mAdministrator\u001b[39m\n\u001b[31madmin@example.com\u001b[39m\n\u001b[31mAdd Material Request\u001b[39m\n\u001b[31mGet Items from\u001b[39m\n\u001b[31mDetails\u001b[39m\n\u001b[31mAdditional Information\u001b[39m\n\u001b[31mAdditional Information\u001b[39m\n\u001b[31mTerms *\u001b[39m\n\u001b[31m\u001b[7mTerms and Conditions Content *\u001b[27m\u001b[39m\n\u001b[31mCancel\u001b[39m\n\u001b[31mSave\"\u001b[39m\n\n  88 |     const info = await mrPage.main.innerText();\n  89 |     expect.soft(info, 'Terms').not.toMatch(/Terms \\*/);\n> 90 |     expect.soft(info, 'Terms content').not.toContain('Terms and Conditions Content *');\n     |                                            ^\n  91 |     expect(test.info().errors).toHaveLength(0);\n  92 |   });\n  93 |\n    at C:\\Playwright_Automation\\Shamel\\srs-material-request.spec.ts:90:44"
                        },
                        {
                          "location": {
                            "file": "C:\\Playwright_Automation\\Shamel\\srs-material-request.spec.ts",
                            "column": 32,
                            "line": 91
                          },
                          "message": "Error: \u001b[2mexpect(\u001b[22m\u001b[31mreceived\u001b[39m\u001b[2m).\u001b[22mtoHaveLength\u001b[2m(\u001b[22m\u001b[32mexpected\u001b[39m\u001b[2m)\u001b[22m\n\nExpected length: \u001b[32m0\u001b[39m\nReceived length: \u001b[31m4\u001b[39m\nReceived array:  \u001b[31m[{\"cause\": undefined, \"message\": \"Error: Price List·\u001b[39m\n\u001b[31m\u001b[2mexpect(\u001b[22m\u001b[31mreceived\u001b[39m\u001b[31m\u001b[2m).\u001b[22mnot\u001b[2m.\u001b[22mtoContain\u001b[2m(\u001b[22m\u001b[32mexpected\u001b[39m\u001b[31m\u001b[2m) // indexOf\u001b[22m·\u001b[39m\n\u001b[31mExpected substring: not \u001b[32m\\\"Price List *\\\"\u001b[39m\u001b[31m\u001b[39m\n\u001b[31mReceived string:        \u001b[31m\\\"Welcome Administrator !\u001b[39m\u001b[31m\u001b[39m\n\u001b[31m\u001b[31m\u001b[39m\u001b[31m\u001b[39m\n\u001b[31m\u001b[31mAN\u001b[39m\u001b[31m\u001b[39m\n\u001b[31m\u001b[31m\u001b[39m\u001b[31m\u001b[39m\n\u001b[31m\u001b[31mAdministrator\u001b[39m\u001b[31m\u001b[39m\n\u001b[31m\u001b[31madmin@example.com\u001b[39m\u001b[31m\u001b[39m\n\u001b[31m\u001b[31mAdd Material Request\u001b[39m\u001b[31m\u001b[39m\n\u001b[31m\u001b[31mGet Items from\u001b[39m\u001b[31m\u001b[39m\n\u001b[31m\u001b[31mDetails\u001b[39m\u001b[31m\u001b[39m\n\u001b[31m\u001b[31mAdditional Information\u001b[39m\u001b[31m\u001b[39m\n\u001b[31m\u001b[31mBasic Information\u001b[39m\u001b[31m\u001b[39m\n\u001b[31m\u001b[31mSeries *\u001b[39m\u001b[31m\u001b[39m\n\u001b[31m\u001b[31mRequest Date *\u001b[39m\u001b[31m\u001b[39m\n\u001b[31m\u001b[31mPurpose *\u001b[39m\u001b[31m\u001b[39m\n\u001b[31m\u001b[31m\u001b[7mPrice List *\u001b[27m\u001b[39m\u001b[31m\u001b[39m\n\u001b[31m\u001b[31mRequired Before *\u001b[39m\u001b[31m\u001b[39m\n\u001b[31m\u001b[31mItems\u001b[39m\u001b[31m\u001b[39m\n\u001b[31m\u001b[31mScan Barcode\u001b[39m\u001b[31m\u001b[39m\n\u001b[31m\u001b[31mItems Record\u001b[39m\u001b[31m\u001b[39m\n\u001b[31m\u001b[31mAdd Item\u001b[39m\u001b[31m\u001b[39m\n\u001b[31m\u001b[31mThere are no data yet\u001b[39m\u001b[31m\u001b[39m\n\u001b[31m\u001b[31mAdd data to the table to start managing your records.\u001b[39m\u001b[31m\u001b[39m\n\u001b[31m\u001b[31mCancel\u001b[39m\u001b[31m\u001b[39m\n\u001b[31m\u001b[31mSave\\\"\u001b[39m\u001b[31m\", \"stack\": \"Error: Price List·\u001b[39m\n\u001b[31m\u001b[2mexpect(\u001b[22m\u001b[31mreceived\u001b[39m\u001b[31m\u001b[2m).\u001b[22mnot\u001b[2m.\u001b[22mtoContain\u001b[2m(\u001b[22m\u001b[32mexpected\u001b[39m\u001b[31m\u001b[2m) // indexOf\u001b[22m·\u001b[39m\n\u001b[31mExpected substring: not \u001b[32m\\\"Price List *\\\"\u001b[39m\u001b[31m\u001b[39m\n\u001b[31mReceived string:        \u001b[31m\\\"Welcome Administrator !\u001b[39m\u001b[31m\u001b[39m\n\u001b[31m\u001b[31m\u001b[39m\u001b[31m\u001b[39m\n\u001b[31m\u001b[31mAN\u001b[39m\u001b[31m\u001b[39m\n\u001b[31m\u001b[31m\u001b[39m\u001b[31m\u001b[39m\n\u001b[31m\u001b[31mAdministrator\u001b[39m\u001b[31m\u001b[39m\n\u001b[31m\u001b[31madmin@example.com\u001b[39m\u001b[31m\u001b[39m\n\u001b[31m\u001b[31mAdd Material Request\u001b[39m\u001b[31m\u001b[39m\n\u001b[31m\u001b[31mGet Items from\u001b[39m\u001b[31m\u001b[39m\n\u001b[31m\u001b[31mDetails\u001b[39m\u001b[31m\u001b[39m\n\u001b[31m\u001b[31mAdditional Information\u001b[39m\u001b[31m\u001b[39m\n\u001b[31m\u001b[31mBasic Information\u001b[39m\u001b[31m\u001b[39m\n\u001b[31m\u001b[31mSeries *\u001b[39m\u001b[31m\u001b[39m\n\u001b[31m\u001b[31mRequest Date *\u001b[39m\u001b[31m\u001b[39m\n\u001b[31m\u001b[31mPurpose *\u001b[39m\u001b[31m\u001b[39m\n\u001b[31m\u001b[31m\u001b[7mPrice List *\u001b[27m\u001b[39m\u001b[31m\u001b[39m\n\u001b[31m\u001b[31mRequired Before *\u001b[39m\u001b[31m\u001b[39m\n\u001b[31m\u001b[31mItems\u001b[39m\u001b[31m\u001b[39m\n\u001b[31m\u001b[31mScan Barcode\u001b[39m\u001b[31m\u001b[39m\n\u001b[31m\u001b[31mItems Record\u001b[39m\u001b[31m\u001b[39m\n\u001b[31m\u001b[31mAdd Item\u001b[39m\u001b[31m\u001b[39m\n\u001b[31m\u001b[31mThere are no data yet\u001b[39m\u001b[31m\u001b[39m\n\u001b[31m\u001b[31mAdd data to the table to start managing your records.\u001b[39m\u001b[31m\u001b[39m\n\u001b[31m\u001b[31mCancel\u001b[39m\u001b[31m\u001b[39m\n\u001b[31m\u001b[31mSave\\\"\u001b[39m\u001b[31m\u001b[39m\n\u001b[31m    at C:\\\\Playwright_Automation\\\\Shamel\\\\srs-material-request.spec.ts:86:89\"}, {\"cause\": undefined, \"message\": \"Error: Required Before·\u001b[39m\n\u001b[31m\u001b[2mexpect(\u001b[22m\u001b[31mreceived\u001b[39m\u001b[31m\u001b[2m).\u001b[22mnot\u001b[2m.\u001b[22mtoContain\u001b[2m(\u001b[22m\u001b[32mexpected\u001b[39m\u001b[31m\u001b[2m) // indexOf\u001b[22m·\u001b[39m\n\u001b[31mExpected substring: not \u001b[32m\\\"Required Before *\\\"\u001b[39m\u001b[31m\u001b[39m\n\u001b[31mReceived string:        \u001b[31m\\\"Welcome Administrator !\u001b[39m\u001b[31m\u001b[39m\n\u001b[31m\u001b[31m\u001b[39m\u001b[31m\u001b[39m\n\u001b[31m\u001b[31mAN\u001b[39m\u001b[31m\u001b[39m\n\u001b[31m\u001b[31m\u001b[39m\u001b[31m\u001b[39m\n\u001b[31m\u001b[31mAdministrator\u001b[39m\u001b[31m\u001b[39m\n\u001b[31m\u001b[31madmin@example.com\u001b[39m\u001b[31m\u001b[39m\n\u001b[31m\u001b[31mAdd Material Request\u001b[39m\u001b[31m\u001b[39m\n\u001b[31m\u001b[31mGet Items from\u001b[39m\u001b[31m\u001b[39m\n\u001b[31m\u001b[31mDetails\u001b[39m\u001b[31m\u001b[39m\n\u001b[31m\u001b[31mAdditional Information\u001b[39m\u001b[31m\u001b[39m\n\u001b[31m\u001b[31mBasic Information\u001b[39m\u001b[31m\u001b[39m\n\u001b[31m\u001b[31mSeries *\u001b[39m\u001b[31m\u001b[39m\n\u001b[31m\u001b[31mRequest Date *\u001b[39m\u001b[31m\u001b[39m\n\u001b[31m\u001b[31mPurpose *\u001b[39m\u001b[31m\u001b[39m\n\u001b[31m\u001b[31mPrice List *\u001b[39m\u001b[31m\u001b[39m\n\u001b[31m\u001b[31m\u001b[7mRequired Before *\u001b[27m\u001b[39m\u001b[31m\u001b[39m\n\u001b[31m\u001b[31mItems\u001b[39m\u001b[31m\u001b[39m\n\u001b[31m\u001b[31mScan Barcode\u001b[39m\u001b[31m\u001b[39m\n\u001b[31m\u001b[31mItems Record\u001b[39m\u001b[31m\u001b[39m\n\u001b[31m\u001b[31mAdd Item\u001b[39m\u001b[31m\u001b[39m\n\u001b[31m\u001b[31mThere are no data yet\u001b[39m\u001b[31m\u001b[39m\n\u001b[31m\u001b[31mAdd data to the table to start managing your records.\u001b[39m\u001b[31m\u001b[39m\n\u001b[31m\u001b[31mCancel\u001b[39m\u001b[31m\u001b[39m\n\u001b[31m\u001b[31mSave\\\"\u001b[39m\u001b[31m\", \"stack\": \"Error: Required Before·\u001b[39m\n\u001b[31m\u001b[2mexpect(\u001b[22m\u001b[31mreceived\u001b[39m\u001b[31m\u001b[2m).\u001b[22mnot\u001b[2m.\u001b[22mtoContain\u001b[2m(\u001b[22m\u001b[32mexpected\u001b[39m\u001b[31m\u001b[2m) // indexOf\u001b[22m·\u001b[39m\n\u001b[31mExpected substring: not \u001b[32m\\\"Required Before *\\\"\u001b[39m\u001b[31m\u001b[39m\n\u001b[31mReceived string:        \u001b[31m\\\"Welcome Administrator !\u001b[39m\u001b[31m\u001b[39m\n\u001b[31m\u001b[31m\u001b[39m\u001b[31m\u001b[39m\n\u001b[31m\u001b[31mAN\u001b[39m\u001b[31m\u001b[39m\n\u001b[31m\u001b[31m\u001b[39m\u001b[31m\u001b[39m\n\u001b[31m\u001b[31mAdministrator\u001b[39m\u001b[31m\u001b[39m\n\u001b[31m\u001b[31madmin@example.com\u001b[39m\u001b[31m\u001b[39m\n\u001b[31m\u001b[31mAdd Material Request\u001b[39m\u001b[31m\u001b[39m\n\u001b[31m\u001b[31mGet Items from\u001b[39m\u001b[31m\u001b[39m\n\u001b[31m\u001b[31mDetails\u001b[39m\u001b[31m\u001b[39m\n\u001b[31m\u001b[31mAdditional Information\u001b[39m\u001b[31m\u001b[39m\n\u001b[31m\u001b[31mBasic Information\u001b[39m\u001b[31m\u001b[39m\n\u001b[31m\u001b[31mSeries *\u001b[39m\u001b[31m\u001b[39m\n\u001b[31m\u001b[31mRequest Date *\u001b[39m\u001b[31m\u001b[39m\n\u001b[31m\u001b[31mPurpose *\u001b[39m\u001b[31m\u001b[39m\n\u001b[31m\u001b[31mPrice List *\u001b[39m\u001b[31m\u001b[39m\n\u001b[31m\u001b[31m\u001b[7mRequired Before *\u001b[27m\u001b[39m\u001b[31m\u001b[39m\n\u001b[31m\u001b[31mItems\u001b[39m\u001b[31m\u001b[39m\n\u001b[31m\u001b[31mScan Barcode\u001b[39m\u001b[31m\u001b[39m\n\u001b[31m\u001b[31mItems Record\u001b[39m\u001b[31m\u001b[39m\n\u001b[31m\u001b[31mAdd Item\u001b[39m\u001b[31m\u001b[39m\n\u001b[31m\u001b[31mThere are no data yet\u001b[39m\u001b[31m\u001b[39m\n\u001b[31m\u001b[31mAdd data to the table to start managing your records.\u001b[39m\u001b[31m\u001b[39m\n\u001b[31m\u001b[31mCancel\u001b[39m\u001b[31m\u001b[39m\n\u001b[31m\u001b[31mSave\\\"\u001b[39m\u001b[31m\u001b[39m\n\u001b[31m    at C:\\\\Playwright_Automation\\\\Shamel\\\\srs-material-request.spec.ts:86:89\"}, {\"cause\": undefined, \"message\": \"Error: Terms·\u001b[39m\n\u001b[31m\u001b[2mexpect(\u001b[22m\u001b[31mreceived\u001b[39m\u001b[31m\u001b[2m).\u001b[22mnot\u001b[2m.\u001b[22mtoMatch\u001b[2m(\u001b[22m\u001b[32mexpected\u001b[39m\u001b[31m\u001b[2m)\u001b[22m·\u001b[39m\n\u001b[31mExpected pattern: not \u001b[32m/Terms \\\\*/\u001b[39m\u001b[31m\u001b[39m\n\u001b[31mReceived string:      \u001b[31m\\\"Welcome Administrator !\u001b[39m\u001b[31m\u001b[39m\n\u001b[31m\u001b[31m\u001b[39m\u001b[31m\u001b[39m\n\u001b[31m\u001b[31mAN\u001b[39m\u001b[31m\u001b[39m\n\u001b[31m\u001b[31m\u001b[39m\u001b[31m\u001b[39m\n\u001b[31m\u001b[31mAdministrator\u001b[39m\u001b[31m\u001b[39m\n\u001b[31m\u001b[31madmin@example.com\u001b[39m\u001b[31m\u001b[39m\n\u001b[31m\u001b[31mAdd Material Request\u001b[39m\u001b[31m\u001b[39m\n\u001b[31m\u001b[31mGet Items from\u001b[39m\u001b[31m\u001b[39m\n\u001b[31m\u001b[31mDetails\u001b[39m\u001b[31m\u001b[39m\n\u001b[31m\u001b[31mAdditional Information\u001b[39m\u001b[31m\u001b[39m\n\u001b[31m\u001b[31mAdditional Information\u001b[39m\u001b[31m\u001b[39m\n\u001b[31m\u001b[31m\u001b[7mTerms *\u001b[27m\u001b[39m\u001b[31m\u001b[39m\n\u001b[31m\u001b[31mTerms and Conditions Content *\u001b[39m\u001b[31m\u001b[39m\n\u001b[31m\u001b[31mCancel\u001b[39m\u001b[31m\u001b[39m\n\u001b[31m\u001b[31mSave\\\"\u001b[39m\u001b[31m\", \"stack\": \"Error: Terms·\u001b[39m\n\u001b[31m\u001b[2mexpect(\u001b[22m\u001b[31mreceived\u001b[39m\u001b[31m\u001b[2m).\u001b[22mnot\u001b[2m.\u001b[22mtoMatch\u001b[2m(\u001b[22m\u001b[32mexpected\u001b[39m\u001b[31m\u001b[2m)\u001b[22m·\u001b[39m\n\u001b[31mExpected pattern: not \u001b[32m/Terms \\\\*/\u001b[39m\u001b[31m\u001b[39m\n\u001b[31mReceived string:      \u001b[31m\\\"Welcome Administrator !\u001b[39m\u001b[31m\u001b[39m\n\u001b[31m\u001b[31m\u001b[39m\u001b[31m\u001b[39m\n\u001b[31m\u001b[31mAN\u001b[39m\u001b[31m\u001b[39m\n\u001b[31m\u001b[31m\u001b[39m\u001b[31m\u001b[39m\n\u001b[31m\u001b[31mAdministrator\u001b[39m\u001b[31m\u001b[39m\n\u001b[31m\u001b[31madmin@example.com\u001b[39m\u001b[31m\u001b[39m\n\u001b[31m\u001b[31mAdd Material Request\u001b[39m\u001b[31m\u001b[39m\n\u001b[31m\u001b[31mGet Items from\u001b[39m\u001b[31m\u001b[39m\n\u001b[31m\u001b[31mDetails\u001b[39m\u001b[31m\u001b[39m\n\u001b[31m\u001b[31mAdditional Information\u001b[39m\u001b[31m\u001b[39m\n\u001b[31m\u001b[31mAdditional Information\u001b[39m\u001b[31m\u001b[39m\n\u001b[31m\u001b[31m\u001b[7mTerms *\u001b[27m\u001b[39m\u001b[31m\u001b[39m\n\u001b[31m\u001b[31mTerms and Conditions Content *\u001b[39m\u001b[31m\u001b[39m\n\u001b[31m\u001b[31mCancel\u001b[39m\u001b[31m\u001b[39m\n\u001b[31m\u001b[31mSave\\\"\u001b[39m\u001b[31m\u001b[39m\n\u001b[31m    at C:\\\\Playwright_Automation\\\\Shamel\\\\srs-material-request.spec.ts:89:36\"}, {\"cause\": undefined, \"message\": \"Error: Terms content·\u001b[39m\n\u001b[31m\u001b[2mexpect(\u001b[22m\u001b[31mreceived\u001b[39m\u001b[31m\u001b[2m).\u001b[22mnot\u001b[2m.\u001b[22mtoContain\u001b[2m(\u001b[22m\u001b[32mexpected\u001b[39m\u001b[31m\u001b[2m) // indexOf\u001b[22m·\u001b[39m\n\u001b[31mExpected substring: not \u001b[32m\\\"Terms and Conditions Content *\\\"\u001b[39m\u001b[31m\u001b[39m\n\u001b[31mReceived string:        \u001b[31m\\\"Welcome Administrator !\u001b[39m\u001b[31m\u001b[39m\n\u001b[31m\u001b[31m\u001b[39m\u001b[31m\u001b[39m\n\u001b[31m\u001b[31mAN\u001b[39m\u001b[31m\u001b[39m\n\u001b[31m\u001b[31m\u001b[39m\u001b[31m\u001b[39m\n\u001b[31m\u001b[31mAdministrator\u001b[39m\u001b[31m\u001b[39m\n\u001b[31m\u001b[31madmin@example.com\u001b[39m\u001b[31m\u001b[39m\n\u001b[31m\u001b[31mAdd Material Request\u001b[39m\u001b[31m\u001b[39m\n\u001b[31m\u001b[31mGet Items from\u001b[39m\u001b[31m\u001b[39m\n\u001b[31m\u001b[31mDetails\u001b[39m\u001b[31m\u001b[39m\n\u001b[31m\u001b[31mAdditional Information\u001b[39m\u001b[31m\u001b[39m\n\u001b[31m\u001b[31mAdditional Information\u001b[39m\u001b[31m\u001b[39m\n\u001b[31m\u001b[31mTerms *\u001b[39m\u001b[31m\u001b[39m\n\u001b[31m\u001b[31m\u001b[7mTerms and Conditions Content *\u001b[27m\u001b[39m\u001b[31m\u001b[39m\n\u001b[31m\u001b[31mCancel\u001b[39m\u001b[31m\u001b[39m\n\u001b[31m\u001b[31mSave\\\"\u001b[39m\u001b[31m\", \"stack\": \"Error: Terms content·\u001b[39m\n\u001b[31m\u001b[2mexpect(\u001b[22m\u001b[31mreceived\u001b[39m\u001b[31m\u001b[2m).\u001b[22mnot\u001b[2m.\u001b[22mtoContain\u001b[2m(\u001b[22m\u001b[32mexpected\u001b[39m\u001b[31m\u001b[2m) // indexOf\u001b[22m·\u001b[39m\n\u001b[31mExpected substring: not \u001b[32m\\\"Terms and Conditions Content *\\\"\u001b[39m\u001b[31m\u001b[39m\n\u001b[31mReceived string:        \u001b[31m\\\"Welcome Administrator !\u001b[39m\u001b[31m\u001b[39m\n\u001b[31m\u001b[31m\u001b[39m\u001b[31m\u001b[39m\n\u001b[31m\u001b[31mAN\u001b[39m\u001b[31m\u001b[39m\n\u001b[31m\u001b[31m\u001b[39m\u001b[31m\u001b[39m\n\u001b[31m\u001b[31mAdministrator\u001b[39m\u001b[31m\u001b[39m\n\u001b[31m\u001b[31madmin@example.com\u001b[39m\u001b[31m\u001b[39m\n\u001b[31m\u001b[31mAdd Material Request\u001b[39m\u001b[31m\u001b[39m\n\u001b[31m\u001b[31mGet Items from\u001b[39m\u001b[31m\u001b[39m\n\u001b[31m\u001b[31mDetails\u001b[39m\u001b[31m\u001b[39m\n\u001b[31m\u001b[31mAdditional Information\u001b[39m\u001b[31m\u001b[39m\n\u001b[31m\u001b[31mAdditional Information\u001b[39m\u001b[31m\u001b[39m\n\u001b[31m\u001b[31mTerms *\u001b[39m\u001b[31m\u001b[39m\n\u001b[31m\u001b[31m\u001b[7mTerms and Conditions Content *\u001b[27m\u001b[39m\u001b[31m\u001b[39m\n\u001b[31m\u001b[31mCancel\u001b[39m\u001b[31m\u001b[39m\n\u001b[31m\u001b[31mSave\\\"\u001b[39m\u001b[31m\u001b[39m\n\u001b[31m    at C:\\\\Playwright_Automation\\\\Shamel\\\\srs-material-request.spec.ts:90:44\"}]\u001b[39m\n\n  89 |     expect.soft(info, 'Terms').not.toMatch(/Terms \\*/);\n  90 |     expect.soft(info, 'Terms content').not.toContain('Terms and Conditions Content *');\n> 91 |     expect(test.info().errors).toHaveLength(0);\n     |                                ^\n  92 |   });\n  93 |\n  94 |   test('Warehouse list offers only warehouses of the Material Request company', srs('UC2 Set Warehouse / row Warehouse: warehouses of the selected company (TC-AD, TC-IT)'), async () => {\n    at C:\\Playwright_Automation\\Shamel\\srs-material-request.spec.ts:91:32"
                        }
                      ],
                      "stdout": [],
                      "stderr": [],
                      "retry": 0,
                      "startTime": "2026-10-07T12:05:59.764Z",
                      "annotations": [
                        {
                          "type": "SRS",
                          "description": "UC2/UC3: Price List, Required Before, Terms, Terms content are optional (TC-AD, TC-MI)",
                          "location": {
                            "file": "C:\\Playwright_Automation\\Shamel\\srs-material-request.spec.ts",
                            "line": 84,
                            "column": 7
                          }
                        }
                      ],
                      "attachments": [
                        {
                          "name": "screenshot",
                          "contentType": "image/png",
                          "path": "C:\\Playwright_Automation\\test-results\\srs-material-request-UC2---35351-ds-are-not-marked-mandatory-chromium\\test-failed-1.png"
                        },
                        {
                          "name": "video",
                          "contentType": "video/webm",
                          "path": "C:\\Playwright_Automation\\test-results\\srs-material-request-UC2---35351-ds-are-not-marked-mandatory-chromium\\video.webm"
                        },
                        {
                          "name": "error-context",
                          "contentType": "text/markdown",
                          "path": "C:\\Playwright_Automation\\test-results\\srs-material-request-UC2---35351-ds-are-not-marked-mandatory-chromium\\error-context.md"
                        }
                      ],
                      "errorLocation": {
                        "file": "C:\\Playwright_Automation\\Shamel\\srs-material-request.spec.ts",
                        "column": 89,
                        "line": 86
                      }
                    }
                  ],
                  "status": "unexpected"
                }
              ],
              "id": "de92fb1d85d71b706891-450c055ce340fa1b3d66",
              "file": "srs-material-request.spec.ts",
              "line": 84,
              "column": 7
            },
            {
              "title": "Warehouse list offers only warehouses of the Material Request company",
              "ok": false,
              "tags": [],
              "tests": [
                {
                  "timeout": 240000,
                  "annotations": [
                    {
                      "type": "SRS",
                      "description": "UC2 Set Warehouse / row Warehouse: warehouses of the selected company (TC-AD, TC-IT)",
                      "location": {
                        "file": "C:\\Playwright_Automation\\Shamel\\srs-material-request.spec.ts",
                        "line": 94,
                        "column": 7
                      }
                    }
                  ],
                  "expectedStatus": "passed",
                  "projectId": "chromium",
                  "projectName": "chromium",
                  "results": [
                    {
                      "workerIndex": 5,
                      "parallelIndex": 1,
                      "status": "failed",
                      "duration": 43183,
                      "error": {
                        "message": "Error: \u001b[2mexpect(\u001b[22m\u001b[31mreceived\u001b[39m\u001b[2m).\u001b[22mnot\u001b[2m.\u001b[22mtoContain\u001b[2m(\u001b[22m\u001b[32mexpected\u001b[39m\u001b[2m) // indexOf\u001b[22m\n\nExpected value: not \u001b[32m\"مخزن القاضى\"\u001b[39m\nReceived array:     \u001b[31m[\"مخزن جديد 1\", \"مخزن جديد\", \"WH-85\", \"WH-14\", \"WH-12\", \"WH-11\", \u001b[7m\"مخزن القاضى\"\u001b[27m, \"Goods In Transit\", \"Finished Goods\", \"Work In Progress\", \"Stores\", \"All Warehouses\", \"Goods In Transit\", \"Finished Goods\", \"Work In Progress\", \"Stores\", \"All Warehouses\", \"Goods In Transit\", \"Finished Goods\", \"Work In Progress\", \"Stores\", \"All Warehouses\", \"Goods In Transit\", \"Finished Goods\", \"Work In Progress\", \"Stores\", \"All Warehouses\", \"Goods In Transit\", \"Finished Goods\", \"Work In Progress\", \"Stores\", \"All Warehouses\", \"Goods In Transit\", \"Finished Goods\", \"Work In Progress\", \"Stores\", \"All Warehouses\", \"Goods In Transit\", \"Finished Goods\", \"Work In Progress\", \"Stores\", \"All Warehouses\", \"Goods In Transit\", \"Finished Goods\", \"Work In Progress\", \"Stores\", \"All Warehouses\", \"Goods In Transit\", \"Finished Goods\", \"Work In Progress\", \"Stores\", \"All Warehouses\", \"Goods In Transit\", \"Finished Goods\", \"Work In Progress\", \"Stores\", \"All Warehouses\", \"Goods In Transit\", \"Finished Goods\", \"Work In Progress\", \"Stores\", \"All Warehouses\", \"Goods In Transit\", \"Finished Goods\", \"Work In Progress\", \"Stores\", \"All Warehouses\", \"Goods In Transit\", \"Finished Goods\", \"Work In Progress\", \"Stores\", \"All Warehouses\", \"Goods In Transit\", \"Finished Goods\", \"Work In Progress\", \"Stores\", \"All Warehouses\", \"Goods In Transit\", \"Finished Goods\", \"Work In Progress\", \"Stores\", \"All Warehouses\", \"Goods In Transit\", \"Finished Goods\", \"Work In Progress\", \"Stores\", \"All Warehouses\", \"Goods In Transit\", \"Finished Goods\", \"Work In Progress\", \"Stores\", \"All Warehouses\", \"Goods In Transit\", \"Finished Goods\", \"Work In Progress\", \"Stores\", \"All Warehouses\", \"Goods In Transit\", \"Finished Goods\", \"Work In Progress\", \"Stores\", \"All Warehouses\", \"Goods In Transit\", \"Finished Goods\", \"Work In Progress\", \"Stores\", \"All Warehouses\", \"Goods In Transit\", \"Finished Goods\", \"Work In Progress\", \"Stores\", \"All Warehouses\", \"Goods In Transit\", \"Finished Goods\", \"Work In Progress\", \"Stores\", \"All Warehouses\", \"Goods In Transit\", \"Finished Goods\", \"Work In Progress\", \"Stores\", \"All Warehouses\", \"Goods In Transit\", \"Finished Goods\", \"Work In Progress\", \"Stores\", \"All Warehouses\", \"Goods In Transit\", \"Finished Goods\", \"Work In Progress\", \"Stores\", \"All Warehouses\", \"Goods In Transit\", \"Finished Goods\", \"Work In Progress\", \"Stores\", \"All Warehouses\", \"Goods In Transit\", \"Finished Goods\", \"Work In Progress\", \"Stores\", \"All Warehouses\", \"Goods In Transit\", \"Finished Goods\", \"Work In Progress\", \"Stores\", \"All Warehouses\", \"Goods In Transit\", \"Finished Goods\", \"Work In Progress\", \"Stores\", \"All Warehouses\", \"Goods In Transit\", \"Finished Goods\", \"Work In Progress\", \"Stores\", \"All Warehouses\", \"Goods In Transit\", \"Finished Goods\", \"Work In Progress\", \"Stores\", \"All Warehouses\", \"Goods In Transit\", \"Finished Goods\", \"Work In Progress\", \"Stores\", \"All Warehouses\", \"Goods In Transit\", \"Finished Goods\", \"Work In Progress\", \"Stores\", \"All Warehouses\", \"Goods In Transit\", \"Finished Goods\", \"Work In Progress\", \"Stores\", \"All Warehouses\", \"Goods In Transit\", \"Finished Goods\", \"Work In Progress\", \"Stores\", \"All Warehouses\", \"Goods In Transit\", \"Finished Goods\", \"Work In Progress\", \"Stores\", \"All Warehouses\", \"Goods In Transit\", \"Finished Goods\", \"Work In Progress\", \"Stores\", \"All Warehouses\", \"Goods In Transit\", \"Finished Goods\", \"Work In Progress\", \"Stores\", \"All Warehouses\", \"Goods In Transit\", \"Finished Goods\", \"Work In Progress\", \"Stores\", \"All Warehouses\", \"Goods In Transit\", \"Finished Goods\", \"Work In Progress\", \"Stores\", \"All Warehouses\", \"Goods In Transit\", \"Finished Goods\", \"Work In Progress\", \"Stores\", \"All Warehouses\", \"Goods In Transit\", \"Finished Goods\", \"Work In Progress\", \"Stores\", \"All Warehouses\", \"Goods In Transit\", \"Finished Goods\", \"Work In Progress\", \"Stores\", \"All Warehouses\", \"Goods In Transit\", \"Finished Goods\", \"Work In Progress\", \"Stores\", \"All Warehouses\", \"Goods In Transit\", \"Finished Goods\", \"Work In Progress\", \"Stores\", \"All Warehouses\", \"Goods In Transit\", \"Finished Goods\", \"Work In Progress\", \"Stores\", \"All Warehouses\", \"Goods In Transit\", \"Finished Goods\", \"Work In Progress\", \"Stores\", \"All Warehouses\", \"Goods In Transit\", \"Finished Goods\", \"Work In Progress\", \"Stores\", \"All Warehouses\", \"Goods In Transit\", \"Finished Goods\", \"Work In Progress\", \"Stores\", \"All Warehouses\", \"Goods In Transit\", \"Finished Goods\", \"Work In Progress\", \"Stores\", \"All Warehouses\", \"Goods In Transit\", \"Finished Goods\", \"Work In Progress\", \"Stores\", \"All Warehouses\", \"Goods In Transit\", \"Finished Goods\", \"Work In Progress\", \"Stores\", \"All Warehouses\", \"Goods In Transit\", \"Finished Goods\", \"Work In Progress\", \"Stores\", \"All Warehouses\", \"Goods In Transit\", \"Finished Goods\", \"Work In Progress\", \"Stores\", \"All Warehouses\", \"Goods In Transit\", \"Finished Goods\", \"Work In Progress\", \"Stores\", \"All Warehouses\", \"Goods In Transit\", \"Finished Goods\", \"Work In Progress\", \"Stores\", \"All Warehouses\", \"Goods In Transit\", \"Finished Goods\", \"Work In Progress\", \"Stores\", \"All Warehouses\"]\u001b[39m",
                        "stack": "Error: \u001b[2mexpect(\u001b[22m\u001b[31mreceived\u001b[39m\u001b[2m).\u001b[22mnot\u001b[2m.\u001b[22mtoContain\u001b[2m(\u001b[22m\u001b[32mexpected\u001b[39m\u001b[2m) // indexOf\u001b[22m\n\nExpected value: not \u001b[32m\"مخزن القاضى\"\u001b[39m\nReceived array:     \u001b[31m[\"مخزن جديد 1\", \"مخزن جديد\", \"WH-85\", \"WH-14\", \"WH-12\", \"WH-11\", \u001b[7m\"مخزن القاضى\"\u001b[27m, \"Goods In Transit\", \"Finished Goods\", \"Work In Progress\", \"Stores\", \"All Warehouses\", \"Goods In Transit\", \"Finished Goods\", \"Work In Progress\", \"Stores\", \"All Warehouses\", \"Goods In Transit\", \"Finished Goods\", \"Work In Progress\", \"Stores\", \"All Warehouses\", \"Goods In Transit\", \"Finished Goods\", \"Work In Progress\", \"Stores\", \"All Warehouses\", \"Goods In Transit\", \"Finished Goods\", \"Work In Progress\", \"Stores\", \"All Warehouses\", \"Goods In Transit\", \"Finished Goods\", \"Work In Progress\", \"Stores\", \"All Warehouses\", \"Goods In Transit\", \"Finished Goods\", \"Work In Progress\", \"Stores\", \"All Warehouses\", \"Goods In Transit\", \"Finished Goods\", \"Work In Progress\", \"Stores\", \"All Warehouses\", \"Goods In Transit\", \"Finished Goods\", \"Work In Progress\", \"Stores\", \"All Warehouses\", \"Goods In Transit\", \"Finished Goods\", \"Work In Progress\", \"Stores\", \"All Warehouses\", \"Goods In Transit\", \"Finished Goods\", \"Work In Progress\", \"Stores\", \"All Warehouses\", \"Goods In Transit\", \"Finished Goods\", \"Work In Progress\", \"Stores\", \"All Warehouses\", \"Goods In Transit\", \"Finished Goods\", \"Work In Progress\", \"Stores\", \"All Warehouses\", \"Goods In Transit\", \"Finished Goods\", \"Work In Progress\", \"Stores\", \"All Warehouses\", \"Goods In Transit\", \"Finished Goods\", \"Work In Progress\", \"Stores\", \"All Warehouses\", \"Goods In Transit\", \"Finished Goods\", \"Work In Progress\", \"Stores\", \"All Warehouses\", \"Goods In Transit\", \"Finished Goods\", \"Work In Progress\", \"Stores\", \"All Warehouses\", \"Goods In Transit\", \"Finished Goods\", \"Work In Progress\", \"Stores\", \"All Warehouses\", \"Goods In Transit\", \"Finished Goods\", \"Work In Progress\", \"Stores\", \"All Warehouses\", \"Goods In Transit\", \"Finished Goods\", \"Work In Progress\", \"Stores\", \"All Warehouses\", \"Goods In Transit\", \"Finished Goods\", \"Work In Progress\", \"Stores\", \"All Warehouses\", \"Goods In Transit\", \"Finished Goods\", \"Work In Progress\", \"Stores\", \"All Warehouses\", \"Goods In Transit\", \"Finished Goods\", \"Work In Progress\", \"Stores\", \"All Warehouses\", \"Goods In Transit\", \"Finished Goods\", \"Work In Progress\", \"Stores\", \"All Warehouses\", \"Goods In Transit\", \"Finished Goods\", \"Work In Progress\", \"Stores\", \"All Warehouses\", \"Goods In Transit\", \"Finished Goods\", \"Work In Progress\", \"Stores\", \"All Warehouses\", \"Goods In Transit\", \"Finished Goods\", \"Work In Progress\", \"Stores\", \"All Warehouses\", \"Goods In Transit\", \"Finished Goods\", \"Work In Progress\", \"Stores\", \"All Warehouses\", \"Goods In Transit\", \"Finished Goods\", \"Work In Progress\", \"Stores\", \"All Warehouses\", \"Goods In Transit\", \"Finished Goods\", \"Work In Progress\", \"Stores\", \"All Warehouses\", \"Goods In Transit\", \"Finished Goods\", \"Work In Progress\", \"Stores\", \"All Warehouses\", \"Goods In Transit\", \"Finished Goods\", \"Work In Progress\", \"Stores\", \"All Warehouses\", \"Goods In Transit\", \"Finished Goods\", \"Work In Progress\", \"Stores\", \"All Warehouses\", \"Goods In Transit\", \"Finished Goods\", \"Work In Progress\", \"Stores\", \"All Warehouses\", \"Goods In Transit\", \"Finished Goods\", \"Work In Progress\", \"Stores\", \"All Warehouses\", \"Goods In Transit\", \"Finished Goods\", \"Work In Progress\", \"Stores\", \"All Warehouses\", \"Goods In Transit\", \"Finished Goods\", \"Work In Progress\", \"Stores\", \"All Warehouses\", \"Goods In Transit\", \"Finished Goods\", \"Work In Progress\", \"Stores\", \"All Warehouses\", \"Goods In Transit\", \"Finished Goods\", \"Work In Progress\", \"Stores\", \"All Warehouses\", \"Goods In Transit\", \"Finished Goods\", \"Work In Progress\", \"Stores\", \"All Warehouses\", \"Goods In Transit\", \"Finished Goods\", \"Work In Progress\", \"Stores\", \"All Warehouses\", \"Goods In Transit\", \"Finished Goods\", \"Work In Progress\", \"Stores\", \"All Warehouses\", \"Goods In Transit\", \"Finished Goods\", \"Work In Progress\", \"Stores\", \"All Warehouses\", \"Goods In Transit\", \"Finished Goods\", \"Work In Progress\", \"Stores\", \"All Warehouses\", \"Goods In Transit\", \"Finished Goods\", \"Work In Progress\", \"Stores\", \"All Warehouses\", \"Goods In Transit\", \"Finished Goods\", \"Work In Progress\", \"Stores\", \"All Warehouses\", \"Goods In Transit\", \"Finished Goods\", \"Work In Progress\", \"Stores\", \"All Warehouses\", \"Goods In Transit\", \"Finished Goods\", \"Work In Progress\", \"Stores\", \"All Warehouses\", \"Goods In Transit\", \"Finished Goods\", \"Work In Progress\", \"Stores\", \"All Warehouses\", \"Goods In Transit\", \"Finished Goods\", \"Work In Progress\", \"Stores\", \"All Warehouses\", \"Goods In Transit\", \"Finished Goods\", \"Work In Progress\", \"Stores\", \"All Warehouses\", \"Goods In Transit\", \"Finished Goods\", \"Work In Progress\", \"Stores\", \"All Warehouses\", \"Goods In Transit\", \"Finished Goods\", \"Work In Progress\", \"Stores\", \"All Warehouses\", \"Goods In Transit\", \"Finished Goods\", \"Work In Progress\", \"Stores\", \"All Warehouses\", \"Goods In Transit\", \"Finished Goods\", \"Work In Progress\", \"Stores\", \"All Warehouses\", \"Goods In Transit\", \"Finished Goods\", \"Work In Progress\", \"Stores\", \"All Warehouses\", \"Goods In Transit\", \"Finished Goods\", \"Work In Progress\", \"Stores\", \"All Warehouses\"]\u001b[39m\n    at C:\\Playwright_Automation\\Shamel\\srs-material-request.spec.ts:98:25",
                        "location": {
                          "file": "C:\\Playwright_Automation\\Shamel\\srs-material-request.spec.ts",
                          "column": 25,
                          "line": 98
                        },
                        "snippet": "   96 |     const options = await mrPage.options(mrPage.combo('Select Warehouse'));\n   97 |     // \"مخزن القاضى\" is \"مخزن القاضى - AIG\" of Azzrk Influencer Group, not Ahmed Ebrahim CO.\n>  98 |     expect(options).not.toContain('مخزن القاضى');\n      |                         ^\n   99 |   });\n  100 |\n  101 |   test('Warehouse list does not offer group warehouses', srs('UC2 Warehouse: transactions need a non-group warehouse (TC-AD, TC-IT) [assumed, ERPNext rule]'), async () => {"
                      },
                      "errors": [
                        {
                          "location": {
                            "file": "C:\\Playwright_Automation\\Shamel\\srs-material-request.spec.ts",
                            "column": 25,
                            "line": 98
                          },
                          "message": "Error: \u001b[2mexpect(\u001b[22m\u001b[31mreceived\u001b[39m\u001b[2m).\u001b[22mnot\u001b[2m.\u001b[22mtoContain\u001b[2m(\u001b[22m\u001b[32mexpected\u001b[39m\u001b[2m) // indexOf\u001b[22m\n\nExpected value: not \u001b[32m\"مخزن القاضى\"\u001b[39m\nReceived array:     \u001b[31m[\"مخزن جديد 1\", \"مخزن جديد\", \"WH-85\", \"WH-14\", \"WH-12\", \"WH-11\", \u001b[7m\"مخزن القاضى\"\u001b[27m, \"Goods In Transit\", \"Finished Goods\", \"Work In Progress\", \"Stores\", \"All Warehouses\", \"Goods In Transit\", \"Finished Goods\", \"Work In Progress\", \"Stores\", \"All Warehouses\", \"Goods In Transit\", \"Finished Goods\", \"Work In Progress\", \"Stores\", \"All Warehouses\", \"Goods In Transit\", \"Finished Goods\", \"Work In Progress\", \"Stores\", \"All Warehouses\", \"Goods In Transit\", \"Finished Goods\", \"Work In Progress\", \"Stores\", \"All Warehouses\", \"Goods In Transit\", \"Finished Goods\", \"Work In Progress\", \"Stores\", \"All Warehouses\", \"Goods In Transit\", \"Finished Goods\", \"Work In Progress\", \"Stores\", \"All Warehouses\", \"Goods In Transit\", \"Finished Goods\", \"Work In Progress\", \"Stores\", \"All Warehouses\", \"Goods In Transit\", \"Finished Goods\", \"Work In Progress\", \"Stores\", \"All Warehouses\", \"Goods In Transit\", \"Finished Goods\", \"Work In Progress\", \"Stores\", \"All Warehouses\", \"Goods In Transit\", \"Finished Goods\", \"Work In Progress\", \"Stores\", \"All Warehouses\", \"Goods In Transit\", \"Finished Goods\", \"Work In Progress\", \"Stores\", \"All Warehouses\", \"Goods In Transit\", \"Finished Goods\", \"Work In Progress\", \"Stores\", \"All Warehouses\", \"Goods In Transit\", \"Finished Goods\", \"Work In Progress\", \"Stores\", \"All Warehouses\", \"Goods In Transit\", \"Finished Goods\", \"Work In Progress\", \"Stores\", \"All Warehouses\", \"Goods In Transit\", \"Finished Goods\", \"Work In Progress\", \"Stores\", \"All Warehouses\", \"Goods In Transit\", \"Finished Goods\", \"Work In Progress\", \"Stores\", \"All Warehouses\", \"Goods In Transit\", \"Finished Goods\", \"Work In Progress\", \"Stores\", \"All Warehouses\", \"Goods In Transit\", \"Finished Goods\", \"Work In Progress\", \"Stores\", \"All Warehouses\", \"Goods In Transit\", \"Finished Goods\", \"Work In Progress\", \"Stores\", \"All Warehouses\", \"Goods In Transit\", \"Finished Goods\", \"Work In Progress\", \"Stores\", \"All Warehouses\", \"Goods In Transit\", \"Finished Goods\", \"Work In Progress\", \"Stores\", \"All Warehouses\", \"Goods In Transit\", \"Finished Goods\", \"Work In Progress\", \"Stores\", \"All Warehouses\", \"Goods In Transit\", \"Finished Goods\", \"Work In Progress\", \"Stores\", \"All Warehouses\", \"Goods In Transit\", \"Finished Goods\", \"Work In Progress\", \"Stores\", \"All Warehouses\", \"Goods In Transit\", \"Finished Goods\", \"Work In Progress\", \"Stores\", \"All Warehouses\", \"Goods In Transit\", \"Finished Goods\", \"Work In Progress\", \"Stores\", \"All Warehouses\", \"Goods In Transit\", \"Finished Goods\", \"Work In Progress\", \"Stores\", \"All Warehouses\", \"Goods In Transit\", \"Finished Goods\", \"Work In Progress\", \"Stores\", \"All Warehouses\", \"Goods In Transit\", \"Finished Goods\", \"Work In Progress\", \"Stores\", \"All Warehouses\", \"Goods In Transit\", \"Finished Goods\", \"Work In Progress\", \"Stores\", \"All Warehouses\", \"Goods In Transit\", \"Finished Goods\", \"Work In Progress\", \"Stores\", \"All Warehouses\", \"Goods In Transit\", \"Finished Goods\", \"Work In Progress\", \"Stores\", \"All Warehouses\", \"Goods In Transit\", \"Finished Goods\", \"Work In Progress\", \"Stores\", \"All Warehouses\", \"Goods In Transit\", \"Finished Goods\", \"Work In Progress\", \"Stores\", \"All Warehouses\", \"Goods In Transit\", \"Finished Goods\", \"Work In Progress\", \"Stores\", \"All Warehouses\", \"Goods In Transit\", \"Finished Goods\", \"Work In Progress\", \"Stores\", \"All Warehouses\", \"Goods In Transit\", \"Finished Goods\", \"Work In Progress\", \"Stores\", \"All Warehouses\", \"Goods In Transit\", \"Finished Goods\", \"Work In Progress\", \"Stores\", \"All Warehouses\", \"Goods In Transit\", \"Finished Goods\", \"Work In Progress\", \"Stores\", \"All Warehouses\", \"Goods In Transit\", \"Finished Goods\", \"Work In Progress\", \"Stores\", \"All Warehouses\", \"Goods In Transit\", \"Finished Goods\", \"Work In Progress\", \"Stores\", \"All Warehouses\", \"Goods In Transit\", \"Finished Goods\", \"Work In Progress\", \"Stores\", \"All Warehouses\", \"Goods In Transit\", \"Finished Goods\", \"Work In Progress\", \"Stores\", \"All Warehouses\", \"Goods In Transit\", \"Finished Goods\", \"Work In Progress\", \"Stores\", \"All Warehouses\", \"Goods In Transit\", \"Finished Goods\", \"Work In Progress\", \"Stores\", \"All Warehouses\", \"Goods In Transit\", \"Finished Goods\", \"Work In Progress\", \"Stores\", \"All Warehouses\", \"Goods In Transit\", \"Finished Goods\", \"Work In Progress\", \"Stores\", \"All Warehouses\", \"Goods In Transit\", \"Finished Goods\", \"Work In Progress\", \"Stores\", \"All Warehouses\", \"Goods In Transit\", \"Finished Goods\", \"Work In Progress\", \"Stores\", \"All Warehouses\", \"Goods In Transit\", \"Finished Goods\", \"Work In Progress\", \"Stores\", \"All Warehouses\", \"Goods In Transit\", \"Finished Goods\", \"Work In Progress\", \"Stores\", \"All Warehouses\", \"Goods In Transit\", \"Finished Goods\", \"Work In Progress\", \"Stores\", \"All Warehouses\", \"Goods In Transit\", \"Finished Goods\", \"Work In Progress\", \"Stores\", \"All Warehouses\", \"Goods In Transit\", \"Finished Goods\", \"Work In Progress\", \"Stores\", \"All Warehouses\", \"Goods In Transit\", \"Finished Goods\", \"Work In Progress\", \"Stores\", \"All Warehouses\", \"Goods In Transit\", \"Finished Goods\", \"Work In Progress\", \"Stores\", \"All Warehouses\"]\u001b[39m\n\n   96 |     const options = await mrPage.options(mrPage.combo('Select Warehouse'));\n   97 |     // \"مخزن القاضى\" is \"مخزن القاضى - AIG\" of Azzrk Influencer Group, not Ahmed Ebrahim CO.\n>  98 |     expect(options).not.toContain('مخزن القاضى');\n      |                         ^\n   99 |   });\n  100 |\n  101 |   test('Warehouse list does not offer group warehouses', srs('UC2 Warehouse: transactions need a non-group warehouse (TC-AD, TC-IT) [assumed, ERPNext rule]'), async () => {\n    at C:\\Playwright_Automation\\Shamel\\srs-material-request.spec.ts:98:25"
                        }
                      ],
                      "stdout": [],
                      "stderr": [],
                      "retry": 0,
                      "startTime": "2026-10-07T12:06:07.388Z",
                      "annotations": [
                        {
                          "type": "SRS",
                          "description": "UC2 Set Warehouse / row Warehouse: warehouses of the selected company (TC-AD, TC-IT)",
                          "location": {
                            "file": "C:\\Playwright_Automation\\Shamel\\srs-material-request.spec.ts",
                            "line": 94,
                            "column": 7
                          }
                        }
                      ],
                      "attachments": [
                        {
                          "name": "screenshot",
                          "contentType": "image/png",
                          "path": "C:\\Playwright_Automation\\test-results\\srs-material-request-UC2---4a59a-he-Material-Request-company-chromium\\test-failed-1.png"
                        },
                        {
                          "name": "video",
                          "contentType": "video/webm",
                          "path": "C:\\Playwright_Automation\\test-results\\srs-material-request-UC2---4a59a-he-Material-Request-company-chromium\\video.webm"
                        },
                        {
                          "name": "error-context",
                          "contentType": "text/markdown",
                          "path": "C:\\Playwright_Automation\\test-results\\srs-material-request-UC2---4a59a-he-Material-Request-company-chromium\\error-context.md"
                        }
                      ],
                      "errorLocation": {
                        "file": "C:\\Playwright_Automation\\Shamel\\srs-material-request.spec.ts",
                        "column": 25,
                        "line": 98
                      }
                    }
                  ],
                  "status": "unexpected"
                }
              ],
              "id": "de92fb1d85d71b706891-388e2a39a90f2c6166b9",
              "file": "srs-material-request.spec.ts",
              "line": 94,
              "column": 7
            },
            {
              "title": "Warehouse list does not offer group warehouses",
              "ok": false,
              "tags": [],
              "tests": [
                {
                  "timeout": 240000,
                  "annotations": [
                    {
                      "type": "SRS",
                      "description": "UC2 Warehouse: transactions need a non-group warehouse (TC-AD, TC-IT) [assumed, ERPNext rule]",
                      "location": {
                        "file": "C:\\Playwright_Automation\\Shamel\\srs-material-request.spec.ts",
                        "line": 101,
                        "column": 7
                      }
                    }
                  ],
                  "expectedStatus": "passed",
                  "projectId": "chromium",
                  "projectName": "chromium",
                  "results": [
                    {
                      "workerIndex": 6,
                      "parallelIndex": 0,
                      "status": "failed",
                      "duration": 22890,
                      "error": {
                        "message": "Error: \u001b[2mexpect(\u001b[22m\u001b[31mreceived\u001b[39m\u001b[2m).\u001b[22mnot\u001b[2m.\u001b[22mtoContain\u001b[2m(\u001b[22m\u001b[32mexpected\u001b[39m\u001b[2m) // indexOf\u001b[22m\n\nExpected value: not \u001b[32m\"All Warehouses\"\u001b[39m\nReceived array:     \u001b[31m[\"مخزن جديد 1\", \"مخزن جديد\", \"WH-85\", \"WH-14\", \"WH-12\", \"WH-11\", \"مخزن القاضى\", \"Goods In Transit\", \"Finished Goods\", \"Work In Progress\", \"Stores\", \u001b[7m\"All Warehouses\"\u001b[27m, \"Goods In Transit\", \"Finished Goods\", \"Work In Progress\", \"Stores\", \"All Warehouses\", \"Goods In Transit\", \"Finished Goods\", \"Work In Progress\", \"Stores\", \"All Warehouses\", \"Goods In Transit\", \"Finished Goods\", \"Work In Progress\", \"Stores\", \"All Warehouses\", \"Goods In Transit\", \"Finished Goods\", \"Work In Progress\", \"Stores\", \"All Warehouses\", \"Goods In Transit\", \"Finished Goods\", \"Work In Progress\", \"Stores\", \"All Warehouses\", \"Goods In Transit\", \"Finished Goods\", \"Work In Progress\", \"Stores\", \"All Warehouses\", \"Goods In Transit\", \"Finished Goods\", \"Work In Progress\", \"Stores\", \"All Warehouses\", \"Goods In Transit\", \"Finished Goods\", \"Work In Progress\", \"Stores\", \"All Warehouses\", \"Goods In Transit\", \"Finished Goods\", \"Work In Progress\", \"Stores\", \"All Warehouses\", \"Goods In Transit\", \"Finished Goods\", \"Work In Progress\", \"Stores\", \"All Warehouses\", \"Goods In Transit\", \"Finished Goods\", \"Work In Progress\", \"Stores\", \"All Warehouses\", \"Goods In Transit\", \"Finished Goods\", \"Work In Progress\", \"Stores\", \"All Warehouses\", \"Goods In Transit\", \"Finished Goods\", \"Work In Progress\", \"Stores\", \"All Warehouses\", \"Goods In Transit\", \"Finished Goods\", \"Work In Progress\", \"Stores\", \"All Warehouses\", \"Goods In Transit\", \"Finished Goods\", \"Work In Progress\", \"Stores\", \"All Warehouses\", \"Goods In Transit\", \"Finished Goods\", \"Work In Progress\", \"Stores\", \"All Warehouses\", \"Goods In Transit\", \"Finished Goods\", \"Work In Progress\", \"Stores\", \"All Warehouses\", \"Goods In Transit\", \"Finished Goods\", \"Work In Progress\", \"Stores\", \"All Warehouses\", \"Goods In Transit\", \"Finished Goods\", \"Work In Progress\", \"Stores\", \"All Warehouses\", \"Goods In Transit\", \"Finished Goods\", \"Work In Progress\", \"Stores\", \"All Warehouses\", \"Goods In Transit\", \"Finished Goods\", \"Work In Progress\", \"Stores\", \"All Warehouses\", \"Goods In Transit\", \"Finished Goods\", \"Work In Progress\", \"Stores\", \"All Warehouses\", \"Goods In Transit\", \"Finished Goods\", \"Work In Progress\", \"Stores\", \"All Warehouses\", \"Goods In Transit\", \"Finished Goods\", \"Work In Progress\", \"Stores\", \"All Warehouses\", \"Goods In Transit\", \"Finished Goods\", \"Work In Progress\", \"Stores\", \"All Warehouses\", \"Goods In Transit\", \"Finished Goods\", \"Work In Progress\", \"Stores\", \"All Warehouses\", \"Goods In Transit\", \"Finished Goods\", \"Work In Progress\", \"Stores\", \"All Warehouses\", \"Goods In Transit\", \"Finished Goods\", \"Work In Progress\", \"Stores\", \"All Warehouses\", \"Goods In Transit\", \"Finished Goods\", \"Work In Progress\", \"Stores\", \"All Warehouses\", \"Goods In Transit\", \"Finished Goods\", \"Work In Progress\", \"Stores\", \"All Warehouses\", \"Goods In Transit\", \"Finished Goods\", \"Work In Progress\", \"Stores\", \"All Warehouses\", \"Goods In Transit\", \"Finished Goods\", \"Work In Progress\", \"Stores\", \"All Warehouses\", \"Goods In Transit\", \"Finished Goods\", \"Work In Progress\", \"Stores\", \"All Warehouses\", \"Goods In Transit\", \"Finished Goods\", \"Work In Progress\", \"Stores\", \"All Warehouses\", \"Goods In Transit\", \"Finished Goods\", \"Work In Progress\", \"Stores\", \"All Warehouses\", \"Goods In Transit\", \"Finished Goods\", \"Work In Progress\", \"Stores\", \"All Warehouses\", \"Goods In Transit\", \"Finished Goods\", \"Work In Progress\", \"Stores\", \"All Warehouses\", \"Goods In Transit\", \"Finished Goods\", \"Work In Progress\", \"Stores\", \"All Warehouses\", \"Goods In Transit\", \"Finished Goods\", \"Work In Progress\", \"Stores\", \"All Warehouses\", \"Goods In Transit\", \"Finished Goods\", \"Work In Progress\", \"Stores\", \"All Warehouses\", \"Goods In Transit\", \"Finished Goods\", \"Work In Progress\", \"Stores\", \"All Warehouses\", \"Goods In Transit\", \"Finished Goods\", \"Work In Progress\", \"Stores\", \"All Warehouses\", \"Goods In Transit\", \"Finished Goods\", \"Work In Progress\", \"Stores\", \"All Warehouses\", \"Goods In Transit\", \"Finished Goods\", \"Work In Progress\", \"Stores\", \"All Warehouses\", \"Goods In Transit\", \"Finished Goods\", \"Work In Progress\", \"Stores\", \"All Warehouses\", \"Goods In Transit\", \"Finished Goods\", \"Work In Progress\", \"Stores\", \"All Warehouses\", \"Goods In Transit\", \"Finished Goods\", \"Work In Progress\", \"Stores\", \"All Warehouses\", \"Goods In Transit\", \"Finished Goods\", \"Work In Progress\", \"Stores\", \"All Warehouses\", \"Goods In Transit\", \"Finished Goods\", \"Work In Progress\", \"Stores\", \"All Warehouses\", \"Goods In Transit\", \"Finished Goods\", \"Work In Progress\", \"Stores\", \"All Warehouses\", \"Goods In Transit\", \"Finished Goods\", \"Work In Progress\", \"Stores\", \"All Warehouses\", \"Goods In Transit\", \"Finished Goods\", \"Work In Progress\", \"Stores\", \"All Warehouses\", \"Goods In Transit\", \"Finished Goods\", \"Work In Progress\", \"Stores\", \"All Warehouses\", \"Goods In Transit\", \"Finished Goods\", \"Work In Progress\", \"Stores\", \"All Warehouses\", \"Goods In Transit\", \"Finished Goods\", \"Work In Progress\", \"Stores\", \"All Warehouses\", \"Goods In Transit\", \"Finished Goods\", \"Work In Progress\", \"Stores\", \"All Warehouses\"]\u001b[39m",
                        "stack": "Error: \u001b[2mexpect(\u001b[22m\u001b[31mreceived\u001b[39m\u001b[2m).\u001b[22mnot\u001b[2m.\u001b[22mtoContain\u001b[2m(\u001b[22m\u001b[32mexpected\u001b[39m\u001b[2m) // indexOf\u001b[22m\n\nExpected value: not \u001b[32m\"All Warehouses\"\u001b[39m\nReceived array:     \u001b[31m[\"مخزن جديد 1\", \"مخزن جديد\", \"WH-85\", \"WH-14\", \"WH-12\", \"WH-11\", \"مخزن القاضى\", \"Goods In Transit\", \"Finished Goods\", \"Work In Progress\", \"Stores\", \u001b[7m\"All Warehouses\"\u001b[27m, \"Goods In Transit\", \"Finished Goods\", \"Work In Progress\", \"Stores\", \"All Warehouses\", \"Goods In Transit\", \"Finished Goods\", \"Work In Progress\", \"Stores\", \"All Warehouses\", \"Goods In Transit\", \"Finished Goods\", \"Work In Progress\", \"Stores\", \"All Warehouses\", \"Goods In Transit\", \"Finished Goods\", \"Work In Progress\", \"Stores\", \"All Warehouses\", \"Goods In Transit\", \"Finished Goods\", \"Work In Progress\", \"Stores\", \"All Warehouses\", \"Goods In Transit\", \"Finished Goods\", \"Work In Progress\", \"Stores\", \"All Warehouses\", \"Goods In Transit\", \"Finished Goods\", \"Work In Progress\", \"Stores\", \"All Warehouses\", \"Goods In Transit\", \"Finished Goods\", \"Work In Progress\", \"Stores\", \"All Warehouses\", \"Goods In Transit\", \"Finished Goods\", \"Work In Progress\", \"Stores\", \"All Warehouses\", \"Goods In Transit\", \"Finished Goods\", \"Work In Progress\", \"Stores\", \"All Warehouses\", \"Goods In Transit\", \"Finished Goods\", \"Work In Progress\", \"Stores\", \"All Warehouses\", \"Goods In Transit\", \"Finished Goods\", \"Work In Progress\", \"Stores\", \"All Warehouses\", \"Goods In Transit\", \"Finished Goods\", \"Work In Progress\", \"Stores\", \"All Warehouses\", \"Goods In Transit\", \"Finished Goods\", \"Work In Progress\", \"Stores\", \"All Warehouses\", \"Goods In Transit\", \"Finished Goods\", \"Work In Progress\", \"Stores\", \"All Warehouses\", \"Goods In Transit\", \"Finished Goods\", \"Work In Progress\", \"Stores\", \"All Warehouses\", \"Goods In Transit\", \"Finished Goods\", \"Work In Progress\", \"Stores\", \"All Warehouses\", \"Goods In Transit\", \"Finished Goods\", \"Work In Progress\", \"Stores\", \"All Warehouses\", \"Goods In Transit\", \"Finished Goods\", \"Work In Progress\", \"Stores\", \"All Warehouses\", \"Goods In Transit\", \"Finished Goods\", \"Work In Progress\", \"Stores\", \"All Warehouses\", \"Goods In Transit\", \"Finished Goods\", \"Work In Progress\", \"Stores\", \"All Warehouses\", \"Goods In Transit\", \"Finished Goods\", \"Work In Progress\", \"Stores\", \"All Warehouses\", \"Goods In Transit\", \"Finished Goods\", \"Work In Progress\", \"Stores\", \"All Warehouses\", \"Goods In Transit\", \"Finished Goods\", \"Work In Progress\", \"Stores\", \"All Warehouses\", \"Goods In Transit\", \"Finished Goods\", \"Work In Progress\", \"Stores\", \"All Warehouses\", \"Goods In Transit\", \"Finished Goods\", \"Work In Progress\", \"Stores\", \"All Warehouses\", \"Goods In Transit\", \"Finished Goods\", \"Work In Progress\", \"Stores\", \"All Warehouses\", \"Goods In Transit\", \"Finished Goods\", \"Work In Progress\", \"Stores\", \"All Warehouses\", \"Goods In Transit\", \"Finished Goods\", \"Work In Progress\", \"Stores\", \"All Warehouses\", \"Goods In Transit\", \"Finished Goods\", \"Work In Progress\", \"Stores\", \"All Warehouses\", \"Goods In Transit\", \"Finished Goods\", \"Work In Progress\", \"Stores\", \"All Warehouses\", \"Goods In Transit\", \"Finished Goods\", \"Work In Progress\", \"Stores\", \"All Warehouses\", \"Goods In Transit\", \"Finished Goods\", \"Work In Progress\", \"Stores\", \"All Warehouses\", \"Goods In Transit\", \"Finished Goods\", \"Work In Progress\", \"Stores\", \"All Warehouses\", \"Goods In Transit\", \"Finished Goods\", \"Work In Progress\", \"Stores\", \"All Warehouses\", \"Goods In Transit\", \"Finished Goods\", \"Work In Progress\", \"Stores\", \"All Warehouses\", \"Goods In Transit\", \"Finished Goods\", \"Work In Progress\", \"Stores\", \"All Warehouses\", \"Goods In Transit\", \"Finished Goods\", \"Work In Progress\", \"Stores\", \"All Warehouses\", \"Goods In Transit\", \"Finished Goods\", \"Work In Progress\", \"Stores\", \"All Warehouses\", \"Goods In Transit\", \"Finished Goods\", \"Work In Progress\", \"Stores\", \"All Warehouses\", \"Goods In Transit\", \"Finished Goods\", \"Work In Progress\", \"Stores\", \"All Warehouses\", \"Goods In Transit\", \"Finished Goods\", \"Work In Progress\", \"Stores\", \"All Warehouses\", \"Goods In Transit\", \"Finished Goods\", \"Work In Progress\", \"Stores\", \"All Warehouses\", \"Goods In Transit\", \"Finished Goods\", \"Work In Progress\", \"Stores\", \"All Warehouses\", \"Goods In Transit\", \"Finished Goods\", \"Work In Progress\", \"Stores\", \"All Warehouses\", \"Goods In Transit\", \"Finished Goods\", \"Work In Progress\", \"Stores\", \"All Warehouses\", \"Goods In Transit\", \"Finished Goods\", \"Work In Progress\", \"Stores\", \"All Warehouses\", \"Goods In Transit\", \"Finished Goods\", \"Work In Progress\", \"Stores\", \"All Warehouses\", \"Goods In Transit\", \"Finished Goods\", \"Work In Progress\", \"Stores\", \"All Warehouses\", \"Goods In Transit\", \"Finished Goods\", \"Work In Progress\", \"Stores\", \"All Warehouses\", \"Goods In Transit\", \"Finished Goods\", \"Work In Progress\", \"Stores\", \"All Warehouses\", \"Goods In Transit\", \"Finished Goods\", \"Work In Progress\", \"Stores\", \"All Warehouses\", \"Goods In Transit\", \"Finished Goods\", \"Work In Progress\", \"Stores\", \"All Warehouses\", \"Goods In Transit\", \"Finished Goods\", \"Work In Progress\", \"Stores\", \"All Warehouses\", \"Goods In Transit\", \"Finished Goods\", \"Work In Progress\", \"Stores\", \"All Warehouses\", \"Goods In Transit\", \"Finished Goods\", \"Work In Progress\", \"Stores\", \"All Warehouses\"]\u001b[39m\n    at C:\\Playwright_Automation\\Shamel\\srs-material-request.spec.ts:104:25",
                        "location": {
                          "file": "C:\\Playwright_Automation\\Shamel\\srs-material-request.spec.ts",
                          "column": 25,
                          "line": 104
                        },
                        "snippet": "  102 |     await mrPage.choose(mrPage.combo('Select Purpose'), 'Purchase');\n  103 |     const options = await mrPage.options(mrPage.combo('Select Warehouse'));\n> 104 |     expect(options).not.toContain('All Warehouses'); // All Warehouses - E is a group\n      |                         ^\n  105 |   });\n  106 |\n  107 |   test('Warehouses with the same name can be told apart', srs('UC2 Warehouse: user must be able to pick the intended warehouse (TC-AD, TC-IT)'), async () => {"
                      },
                      "errors": [
                        {
                          "location": {
                            "file": "C:\\Playwright_Automation\\Shamel\\srs-material-request.spec.ts",
                            "column": 25,
                            "line": 104
                          },
                          "message": "Error: \u001b[2mexpect(\u001b[22m\u001b[31mreceived\u001b[39m\u001b[2m).\u001b[22mnot\u001b[2m.\u001b[22mtoContain\u001b[2m(\u001b[22m\u001b[32mexpected\u001b[39m\u001b[2m) // indexOf\u001b[22m\n\nExpected value: not \u001b[32m\"All Warehouses\"\u001b[39m\nReceived array:     \u001b[31m[\"مخزن جديد 1\", \"مخزن جديد\", \"WH-85\", \"WH-14\", \"WH-12\", \"WH-11\", \"مخزن القاضى\", \"Goods In Transit\", \"Finished Goods\", \"Work In Progress\", \"Stores\", \u001b[7m\"All Warehouses\"\u001b[27m, \"Goods In Transit\", \"Finished Goods\", \"Work In Progress\", \"Stores\", \"All Warehouses\", \"Goods In Transit\", \"Finished Goods\", \"Work In Progress\", \"Stores\", \"All Warehouses\", \"Goods In Transit\", \"Finished Goods\", \"Work In Progress\", \"Stores\", \"All Warehouses\", \"Goods In Transit\", \"Finished Goods\", \"Work In Progress\", \"Stores\", \"All Warehouses\", \"Goods In Transit\", \"Finished Goods\", \"Work In Progress\", \"Stores\", \"All Warehouses\", \"Goods In Transit\", \"Finished Goods\", \"Work In Progress\", \"Stores\", \"All Warehouses\", \"Goods In Transit\", \"Finished Goods\", \"Work In Progress\", \"Stores\", \"All Warehouses\", \"Goods In Transit\", \"Finished Goods\", \"Work In Progress\", \"Stores\", \"All Warehouses\", \"Goods In Transit\", \"Finished Goods\", \"Work In Progress\", \"Stores\", \"All Warehouses\", \"Goods In Transit\", \"Finished Goods\", \"Work In Progress\", \"Stores\", \"All Warehouses\", \"Goods In Transit\", \"Finished Goods\", \"Work In Progress\", \"Stores\", \"All Warehouses\", \"Goods In Transit\", \"Finished Goods\", \"Work In Progress\", \"Stores\", \"All Warehouses\", \"Goods In Transit\", \"Finished Goods\", \"Work In Progress\", \"Stores\", \"All Warehouses\", \"Goods In Transit\", \"Finished Goods\", \"Work In Progress\", \"Stores\", \"All Warehouses\", \"Goods In Transit\", \"Finished Goods\", \"Work In Progress\", \"Stores\", \"All Warehouses\", \"Goods In Transit\", \"Finished Goods\", \"Work In Progress\", \"Stores\", \"All Warehouses\", \"Goods In Transit\", \"Finished Goods\", \"Work In Progress\", \"Stores\", \"All Warehouses\", \"Goods In Transit\", \"Finished Goods\", \"Work In Progress\", \"Stores\", \"All Warehouses\", \"Goods In Transit\", \"Finished Goods\", \"Work In Progress\", \"Stores\", \"All Warehouses\", \"Goods In Transit\", \"Finished Goods\", \"Work In Progress\", \"Stores\", \"All Warehouses\", \"Goods In Transit\", \"Finished Goods\", \"Work In Progress\", \"Stores\", \"All Warehouses\", \"Goods In Transit\", \"Finished Goods\", \"Work In Progress\", \"Stores\", \"All Warehouses\", \"Goods In Transit\", \"Finished Goods\", \"Work In Progress\", \"Stores\", \"All Warehouses\", \"Goods In Transit\", \"Finished Goods\", \"Work In Progress\", \"Stores\", \"All Warehouses\", \"Goods In Transit\", \"Finished Goods\", \"Work In Progress\", \"Stores\", \"All Warehouses\", \"Goods In Transit\", \"Finished Goods\", \"Work In Progress\", \"Stores\", \"All Warehouses\", \"Goods In Transit\", \"Finished Goods\", \"Work In Progress\", \"Stores\", \"All Warehouses\", \"Goods In Transit\", \"Finished Goods\", \"Work In Progress\", \"Stores\", \"All Warehouses\", \"Goods In Transit\", \"Finished Goods\", \"Work In Progress\", \"Stores\", \"All Warehouses\", \"Goods In Transit\", \"Finished Goods\", \"Work In Progress\", \"Stores\", \"All Warehouses\", \"Goods In Transit\", \"Finished Goods\", \"Work In Progress\", \"Stores\", \"All Warehouses\", \"Goods In Transit\", \"Finished Goods\", \"Work In Progress\", \"Stores\", \"All Warehouses\", \"Goods In Transit\", \"Finished Goods\", \"Work In Progress\", \"Stores\", \"All Warehouses\", \"Goods In Transit\", \"Finished Goods\", \"Work In Progress\", \"Stores\", \"All Warehouses\", \"Goods In Transit\", \"Finished Goods\", \"Work In Progress\", \"Stores\", \"All Warehouses\", \"Goods In Transit\", \"Finished Goods\", \"Work In Progress\", \"Stores\", \"All Warehouses\", \"Goods In Transit\", \"Finished Goods\", \"Work In Progress\", \"Stores\", \"All Warehouses\", \"Goods In Transit\", \"Finished Goods\", \"Work In Progress\", \"Stores\", \"All Warehouses\", \"Goods In Transit\", \"Finished Goods\", \"Work In Progress\", \"Stores\", \"All Warehouses\", \"Goods In Transit\", \"Finished Goods\", \"Work In Progress\", \"Stores\", \"All Warehouses\", \"Goods In Transit\", \"Finished Goods\", \"Work In Progress\", \"Stores\", \"All Warehouses\", \"Goods In Transit\", \"Finished Goods\", \"Work In Progress\", \"Stores\", \"All Warehouses\", \"Goods In Transit\", \"Finished Goods\", \"Work In Progress\", \"Stores\", \"All Warehouses\", \"Goods In Transit\", \"Finished Goods\", \"Work In Progress\", \"Stores\", \"All Warehouses\", \"Goods In Transit\", \"Finished Goods\", \"Work In Progress\", \"Stores\", \"All Warehouses\", \"Goods In Transit\", \"Finished Goods\", \"Work In Progress\", \"Stores\", \"All Warehouses\", \"Goods In Transit\", \"Finished Goods\", \"Work In Progress\", \"Stores\", \"All Warehouses\", \"Goods In Transit\", \"Finished Goods\", \"Work In Progress\", \"Stores\", \"All Warehouses\", \"Goods In Transit\", \"Finished Goods\", \"Work In Progress\", \"Stores\", \"All Warehouses\", \"Goods In Transit\", \"Finished Goods\", \"Work In Progress\", \"Stores\", \"All Warehouses\", \"Goods In Transit\", \"Finished Goods\", \"Work In Progress\", \"Stores\", \"All Warehouses\", \"Goods In Transit\", \"Finished Goods\", \"Work In Progress\", \"Stores\", \"All Warehouses\", \"Goods In Transit\", \"Finished Goods\", \"Work In Progress\", \"Stores\", \"All Warehouses\", \"Goods In Transit\", \"Finished Goods\", \"Work In Progress\", \"Stores\", \"All Warehouses\", \"Goods In Transit\", \"Finished Goods\", \"Work In Progress\", \"Stores\", \"All Warehouses\", \"Goods In Transit\", \"Finished Goods\", \"Work In Progress\", \"Stores\", \"All Warehouses\"]\u001b[39m\n\n  102 |     await mrPage.choose(mrPage.combo('Select Purpose'), 'Purchase');\n  103 |     const options = await mrPage.options(mrPage.combo('Select Warehouse'));\n> 104 |     expect(options).not.toContain('All Warehouses'); // All Warehouses - E is a group\n      |                         ^\n  105 |   });\n  106 |\n  107 |   test('Warehouses with the same name can be told apart', srs('UC2 Warehouse: user must be able to pick the intended warehouse (TC-AD, TC-IT)'), async () => {\n    at C:\\Playwright_Automation\\Shamel\\srs-material-request.spec.ts:104:25"
                        }
                      ],
                      "stdout": [],
                      "stderr": [],
                      "retry": 0,
                      "startTime": "2026-10-07T12:06:39.116Z",
                      "annotations": [
                        {
                          "type": "SRS",
                          "description": "UC2 Warehouse: transactions need a non-group warehouse (TC-AD, TC-IT) [assumed, ERPNext rule]",
                          "location": {
                            "file": "C:\\Playwright_Automation\\Shamel\\srs-material-request.spec.ts",
                            "line": 101,
                            "column": 7
                          }
                        }
                      ],
                      "attachments": [
                        {
                          "name": "screenshot",
                          "contentType": "image/png",
                          "path": "C:\\Playwright_Automation\\test-results\\srs-material-request-UC2---65e7a--not-offer-group-warehouses-chromium\\test-failed-1.png"
                        },
                        {
                          "name": "video",
                          "contentType": "video/webm",
                          "path": "C:\\Playwright_Automation\\test-results\\srs-material-request-UC2---65e7a--not-offer-group-warehouses-chromium\\video.webm"
                        },
                        {
                          "name": "error-context",
                          "contentType": "text/markdown",
                          "path": "C:\\Playwright_Automation\\test-results\\srs-material-request-UC2---65e7a--not-offer-group-warehouses-chromium\\error-context.md"
                        }
                      ],
                      "errorLocation": {
                        "file": "C:\\Playwright_Automation\\Shamel\\srs-material-request.spec.ts",
                        "column": 25,
                        "line": 104
                      }
                    }
                  ],
                  "status": "unexpected"
                }
              ],
              "id": "de92fb1d85d71b706891-9da283479f8460da190f",
              "file": "srs-material-request.spec.ts",
              "line": 101,
              "column": 7
            },
            {
              "title": "Warehouses with the same name can be told apart",
              "ok": false,
              "tags": [],
              "tests": [
                {
                  "timeout": 240000,
                  "annotations": [
                    {
                      "type": "SRS",
                      "description": "UC2 Warehouse: user must be able to pick the intended warehouse (TC-AD, TC-IT)",
                      "location": {
                        "file": "C:\\Playwright_Automation\\Shamel\\srs-material-request.spec.ts",
                        "line": 107,
                        "column": 7
                      }
                    }
                  ],
                  "expectedStatus": "passed",
                  "projectId": "chromium",
                  "projectName": "chromium",
                  "results": [
                    {
                      "workerIndex": 7,
                      "parallelIndex": 1,
                      "status": "failed",
                      "duration": 34069,
                      "error": {
                        "message": "Error: \u001b[2mexpect(\u001b[22m\u001b[31mreceived\u001b[39m\u001b[2m).\u001b[22mtoEqual\u001b[2m(\u001b[22m\u001b[32mexpected\u001b[39m\u001b[2m) // deep equality\u001b[22m\n\n\u001b[32m- Expected  - 1\u001b[39m\n\u001b[31m+ Received  + 7\u001b[39m\n\n\u001b[32m- Set {}\u001b[39m\n\u001b[31m+ Set {\u001b[39m\n\u001b[31m+   \"All Warehouses\",\u001b[39m\n\u001b[31m+   \"Finished Goods\",\u001b[39m\n\u001b[31m+   \"Goods In Transit\",\u001b[39m\n\u001b[31m+   \"Stores\",\u001b[39m\n\u001b[31m+   \"Work In Progress\",\u001b[39m\n\u001b[31m+ }\u001b[39m",
                        "stack": "Error: \u001b[2mexpect(\u001b[22m\u001b[31mreceived\u001b[39m\u001b[2m).\u001b[22mtoEqual\u001b[2m(\u001b[22m\u001b[32mexpected\u001b[39m\u001b[2m) // deep equality\u001b[22m\n\n\u001b[32m- Expected  - 1\u001b[39m\n\u001b[31m+ Received  + 7\u001b[39m\n\n\u001b[32m- Set {}\u001b[39m\n\u001b[31m+ Set {\u001b[39m\n\u001b[31m+   \"All Warehouses\",\u001b[39m\n\u001b[31m+   \"Finished Goods\",\u001b[39m\n\u001b[31m+   \"Goods In Transit\",\u001b[39m\n\u001b[31m+   \"Stores\",\u001b[39m\n\u001b[31m+   \"Work In Progress\",\u001b[39m\n\u001b[31m+ }\u001b[39m\n    at C:\\Playwright_Automation\\Shamel\\srs-material-request.spec.ts:111:33",
                        "location": {
                          "file": "C:\\Playwright_Automation\\Shamel\\srs-material-request.spec.ts",
                          "column": 33,
                          "line": 111
                        },
                        "snippet": "  109 |     const options = await mrPage.options(mrPage.combo('Select Warehouse'));\n  110 |     const duplicated = options.filter((o, i) => options.indexOf(o) !== i);\n> 111 |     expect(new Set(duplicated)).toEqual(new Set());\n      |                                 ^\n  112 |   });\n  113 |\n  114 |   test('Item Code list offers every purchasable item, not only the first 20', srs('UC2 Items: Item Code dropdown (TC-IT)'), async () => {"
                      },
                      "errors": [
                        {
                          "location": {
                            "file": "C:\\Playwright_Automation\\Shamel\\srs-material-request.spec.ts",
                            "column": 33,
                            "line": 111
                          },
                          "message": "Error: \u001b[2mexpect(\u001b[22m\u001b[31mreceived\u001b[39m\u001b[2m).\u001b[22mtoEqual\u001b[2m(\u001b[22m\u001b[32mexpected\u001b[39m\u001b[2m) // deep equality\u001b[22m\n\n\u001b[32m- Expected  - 1\u001b[39m\n\u001b[31m+ Received  + 7\u001b[39m\n\n\u001b[32m- Set {}\u001b[39m\n\u001b[31m+ Set {\u001b[39m\n\u001b[31m+   \"All Warehouses\",\u001b[39m\n\u001b[31m+   \"Finished Goods\",\u001b[39m\n\u001b[31m+   \"Goods In Transit\",\u001b[39m\n\u001b[31m+   \"Stores\",\u001b[39m\n\u001b[31m+   \"Work In Progress\",\u001b[39m\n\u001b[31m+ }\u001b[39m\n\n  109 |     const options = await mrPage.options(mrPage.combo('Select Warehouse'));\n  110 |     const duplicated = options.filter((o, i) => options.indexOf(o) !== i);\n> 111 |     expect(new Set(duplicated)).toEqual(new Set());\n      |                                 ^\n  112 |   });\n  113 |\n  114 |   test('Item Code list offers every purchasable item, not only the first 20', srs('UC2 Items: Item Code dropdown (TC-IT)'), async () => {\n    at C:\\Playwright_Automation\\Shamel\\srs-material-request.spec.ts:111:33"
                        }
                      ],
                      "stdout": [],
                      "stderr": [],
                      "retry": 0,
                      "startTime": "2026-10-07T12:06:52.238Z",
                      "annotations": [
                        {
                          "type": "SRS",
                          "description": "UC2 Warehouse: user must be able to pick the intended warehouse (TC-AD, TC-IT)",
                          "location": {
                            "file": "C:\\Playwright_Automation\\Shamel\\srs-material-request.spec.ts",
                            "line": 107,
                            "column": 7
                          }
                        }
                      ],
                      "attachments": [
                        {
                          "name": "screenshot",
                          "contentType": "image/png",
                          "path": "C:\\Playwright_Automation\\test-results\\srs-material-request-UC2---36816-same-name-can-be-told-apart-chromium\\test-failed-1.png"
                        },
                        {
                          "name": "video",
                          "contentType": "video/webm",
                          "path": "C:\\Playwright_Automation\\test-results\\srs-material-request-UC2---36816-same-name-can-be-told-apart-chromium\\video.webm"
                        },
                        {
                          "name": "error-context",
                          "contentType": "text/markdown",
                          "path": "C:\\Playwright_Automation\\test-results\\srs-material-request-UC2---36816-same-name-can-be-told-apart-chromium\\error-context.md"
                        }
                      ],
                      "errorLocation": {
                        "file": "C:\\Playwright_Automation\\Shamel\\srs-material-request.spec.ts",
                        "column": 33,
                        "line": 111
                      }
                    }
                  ],
                  "status": "unexpected"
                }
              ],
              "id": "de92fb1d85d71b706891-012044b17ec0950c7dc9",
              "file": "srs-material-request.spec.ts",
              "line": 107,
              "column": 7
            },
            {
              "title": "Item Code list offers every purchasable item, not only the first 20",
              "ok": false,
              "tags": [],
              "tests": [
                {
                  "timeout": 240000,
                  "annotations": [
                    {
                      "type": "SRS",
                      "description": "UC2 Items: Item Code dropdown (TC-IT)",
                      "location": {
                        "file": "C:\\Playwright_Automation\\Shamel\\srs-material-request.spec.ts",
                        "line": 114,
                        "column": 7
                      }
                    }
                  ],
                  "expectedStatus": "passed",
                  "projectId": "chromium",
                  "projectName": "chromium",
                  "results": [
                    {
                      "workerIndex": 8,
                      "parallelIndex": 0,
                      "status": "failed",
                      "duration": 45217,
                      "error": {
                        "message": "Error: \u001b[2mexpect(\u001b[22m\u001b[31mreceived\u001b[39m\u001b[2m).\u001b[22mtoContain\u001b[2m(\u001b[22m\u001b[32mexpected\u001b[39m\u001b[2m) // indexOf\u001b[22m\n\nExpected value: \u001b[32m\"PW MR Stock Item\"\u001b[39m\nReceived array: \u001b[31m[\"111\", \"1110\", \"1111\", \"123\", \"1231\", \"1231-RED-L\", \"123456\", \"12354\", \"1321\", \"15D\", …]\u001b[39m",
                        "stack": "Error: \u001b[2mexpect(\u001b[22m\u001b[31mreceived\u001b[39m\u001b[2m).\u001b[22mtoContain\u001b[2m(\u001b[22m\u001b[32mexpected\u001b[39m\u001b[2m) // indexOf\u001b[22m\n\nExpected value: \u001b[32m\"PW MR Stock Item\"\u001b[39m\nReceived array: \u001b[31m[\"111\", \"1110\", \"1111\", \"123\", \"1231\", \"1231-RED-L\", \"123456\", \"12354\", \"1321\", \"15D\", …]\u001b[39m\n    at C:\\Playwright_Automation\\Shamel\\srs-material-request.spec.ts:118:21",
                        "location": {
                          "file": "C:\\Playwright_Automation\\Shamel\\srs-material-request.spec.ts",
                          "column": 21,
                          "line": 118
                        },
                        "snippet": "  116 |     await mrPage.addItemRow();\n  117 |     const options = await mrPage.options(mrPage.row(0).itemCode);\n> 118 |     expect(options).toContain(ITEM_NAME);\n      |                     ^\n  119 |   });\n  120 |\n  121 |   test('UOM list offers every unit, not only the first 20', srs('UC2 Items: UOM dropdown (TC-IT)'), async () => {"
                      },
                      "errors": [
                        {
                          "location": {
                            "file": "C:\\Playwright_Automation\\Shamel\\srs-material-request.spec.ts",
                            "column": 21,
                            "line": 118
                          },
                          "message": "Error: \u001b[2mexpect(\u001b[22m\u001b[31mreceived\u001b[39m\u001b[2m).\u001b[22mtoContain\u001b[2m(\u001b[22m\u001b[32mexpected\u001b[39m\u001b[2m) // indexOf\u001b[22m\n\nExpected value: \u001b[32m\"PW MR Stock Item\"\u001b[39m\nReceived array: \u001b[31m[\"111\", \"1110\", \"1111\", \"123\", \"1231\", \"1231-RED-L\", \"123456\", \"12354\", \"1321\", \"15D\", …]\u001b[39m\n\n  116 |     await mrPage.addItemRow();\n  117 |     const options = await mrPage.options(mrPage.row(0).itemCode);\n> 118 |     expect(options).toContain(ITEM_NAME);\n      |                     ^\n  119 |   });\n  120 |\n  121 |   test('UOM list offers every unit, not only the first 20', srs('UC2 Items: UOM dropdown (TC-IT)'), async () => {\n    at C:\\Playwright_Automation\\Shamel\\srs-material-request.spec.ts:118:21"
                        }
                      ],
                      "stdout": [],
                      "stderr": [],
                      "retry": 0,
                      "startTime": "2026-10-07T12:07:05.417Z",
                      "annotations": [
                        {
                          "type": "SRS",
                          "description": "UC2 Items: Item Code dropdown (TC-IT)",
                          "location": {
                            "file": "C:\\Playwright_Automation\\Shamel\\srs-material-request.spec.ts",
                            "line": 114,
                            "column": 7
                          }
                        }
                      ],
                      "attachments": [
                        {
                          "name": "screenshot",
                          "contentType": "image/png",
                          "path": "C:\\Playwright_Automation\\test-results\\srs-material-request-UC2---2f614--item-not-only-the-first-20-chromium\\test-failed-1.png"
                        },
                        {
                          "name": "video",
                          "contentType": "video/webm",
                          "path": "C:\\Playwright_Automation\\test-results\\srs-material-request-UC2---2f614--item-not-only-the-first-20-chromium\\video.webm"
                        },
                        {
                          "name": "error-context",
                          "contentType": "text/markdown",
                          "path": "C:\\Playwright_Automation\\test-results\\srs-material-request-UC2---2f614--item-not-only-the-first-20-chromium\\error-context.md"
                        }
                      ],
                      "errorLocation": {
                        "file": "C:\\Playwright_Automation\\Shamel\\srs-material-request.spec.ts",
                        "column": 21,
                        "line": 118
                      }
                    }
                  ],
                  "status": "unexpected"
                }
              ],
              "id": "de92fb1d85d71b706891-072860b660bde7b31022",
              "file": "srs-material-request.spec.ts",
              "line": 114,
              "column": 7
            },
            {
              "title": "UOM list offers every unit, not only the first 20",
              "ok": false,
              "tags": [],
              "tests": [
                {
                  "timeout": 240000,
                  "annotations": [
                    {
                      "type": "SRS",
                      "description": "UC2 Items: UOM dropdown (TC-IT)",
                      "location": {
                        "file": "C:\\Playwright_Automation\\Shamel\\srs-material-request.spec.ts",
                        "line": 121,
                        "column": 7
                      }
                    }
                  ],
                  "expectedStatus": "passed",
                  "projectId": "chromium",
                  "projectName": "chromium",
                  "results": [
                    {
                      "workerIndex": 9,
                      "parallelIndex": 1,
                      "status": "failed",
                      "duration": 30557,
                      "error": {
                        "message": "Error: \u001b[2mexpect(\u001b[22m\u001b[31mreceived\u001b[39m\u001b[2m).\u001b[22mtoContain\u001b[2m(\u001b[22m\u001b[32mexpected\u001b[39m\u001b[2m) // indexOf\u001b[22m\n\nExpected value: \u001b[32m\"Unit\"\u001b[39m\nReceived array: \u001b[31m[\"Abampere\", \"Acre\", \"Acre (US)\", \"Ampere\", \"Ampere-Hour\", \"Ampere-Minute\", \"Ampere-Second\", \"Are\", \"Area\", \"Arshin\", …]\u001b[39m",
                        "stack": "Error: \u001b[2mexpect(\u001b[22m\u001b[31mreceived\u001b[39m\u001b[2m).\u001b[22mtoContain\u001b[2m(\u001b[22m\u001b[32mexpected\u001b[39m\u001b[2m) // indexOf\u001b[22m\n\nExpected value: \u001b[32m\"Unit\"\u001b[39m\nReceived array: \u001b[31m[\"Abampere\", \"Acre\", \"Acre (US)\", \"Ampere\", \"Ampere-Hour\", \"Ampere-Minute\", \"Ampere-Second\", \"Are\", \"Area\", \"Arshin\", …]\u001b[39m\n    at C:\\Playwright_Automation\\Shamel\\srs-material-request.spec.ts:124:21",
                        "location": {
                          "file": "C:\\Playwright_Automation\\Shamel\\srs-material-request.spec.ts",
                          "column": 21,
                          "line": 124
                        },
                        "snippet": "  122 |     await mrPage.addItemRow();\n  123 |     const options = await mrPage.options(mrPage.row(0).uom);\n> 124 |     expect(options).toContain('Unit');\n      |                     ^\n  125 |   });\n  126 |\n  127 |   test('Choosing a Terms template fills the Terms and Conditions content', srs('UC3 Terms: selecting a template loads its content (TC-MI)'), async ({ page }) => {"
                      },
                      "errors": [
                        {
                          "location": {
                            "file": "C:\\Playwright_Automation\\Shamel\\srs-material-request.spec.ts",
                            "column": 21,
                            "line": 124
                          },
                          "message": "Error: \u001b[2mexpect(\u001b[22m\u001b[31mreceived\u001b[39m\u001b[2m).\u001b[22mtoContain\u001b[2m(\u001b[22m\u001b[32mexpected\u001b[39m\u001b[2m) // indexOf\u001b[22m\n\nExpected value: \u001b[32m\"Unit\"\u001b[39m\nReceived array: \u001b[31m[\"Abampere\", \"Acre\", \"Acre (US)\", \"Ampere\", \"Ampere-Hour\", \"Ampere-Minute\", \"Ampere-Second\", \"Are\", \"Area\", \"Arshin\", …]\u001b[39m\n\n  122 |     await mrPage.addItemRow();\n  123 |     const options = await mrPage.options(mrPage.row(0).uom);\n> 124 |     expect(options).toContain('Unit');\n      |                     ^\n  125 |   });\n  126 |\n  127 |   test('Choosing a Terms template fills the Terms and Conditions content', srs('UC3 Terms: selecting a template loads its content (TC-MI)'), async ({ page }) => {\n    at C:\\Playwright_Automation\\Shamel\\srs-material-request.spec.ts:124:21"
                        }
                      ],
                      "stdout": [],
                      "stderr": [],
                      "retry": 0,
                      "startTime": "2026-10-07T12:07:28.355Z",
                      "annotations": [
                        {
                          "type": "SRS",
                          "description": "UC2 Items: UOM dropdown (TC-IT)",
                          "location": {
                            "file": "C:\\Playwright_Automation\\Shamel\\srs-material-request.spec.ts",
                            "line": 121,
                            "column": 7
                          }
                        }
                      ],
                      "attachments": [
                        {
                          "name": "screenshot",
                          "contentType": "image/png",
                          "path": "C:\\Playwright_Automation\\test-results\\srs-material-request-UC2---507b8--unit-not-only-the-first-20-chromium\\test-failed-1.png"
                        },
                        {
                          "name": "video",
                          "contentType": "video/webm",
                          "path": "C:\\Playwright_Automation\\test-results\\srs-material-request-UC2---507b8--unit-not-only-the-first-20-chromium\\video.webm"
                        },
                        {
                          "name": "error-context",
                          "contentType": "text/markdown",
                          "path": "C:\\Playwright_Automation\\test-results\\srs-material-request-UC2---507b8--unit-not-only-the-first-20-chromium\\error-context.md"
                        }
                      ],
                      "errorLocation": {
                        "file": "C:\\Playwright_Automation\\Shamel\\srs-material-request.spec.ts",
                        "column": 21,
                        "line": 124
                      }
                    }
                  ],
                  "status": "unexpected"
                }
              ],
              "id": "de92fb1d85d71b706891-f4833df62738261b6375",
              "file": "srs-material-request.spec.ts",
              "line": 121,
              "column": 7
            },
            {
              "title": "Choosing a Terms template fills the Terms and Conditions content",
              "ok": false,
              "tags": [],
              "tests": [
                {
                  "timeout": 240000,
                  "annotations": [
                    {
                      "type": "SRS",
                      "description": "UC3 Terms: selecting a template loads its content (TC-MI)",
                      "location": {
                        "file": "C:\\Playwright_Automation\\Shamel\\srs-material-request.spec.ts",
                        "line": 127,
                        "column": 7
                      }
                    }
                  ],
                  "expectedStatus": "passed",
                  "projectId": "chromium",
                  "projectName": "chromium",
                  "results": [
                    {
                      "workerIndex": 10,
                      "parallelIndex": 0,
                      "status": "failed",
                      "duration": 52442,
                      "error": {
                        "message": "Error: \u001b[2mexpect(\u001b[22m\u001b[31mlocator\u001b[39m\u001b[2m).not.\u001b[22mtoHaveValue\u001b[2m(\u001b[22m\u001b[32mexpected\u001b[39m\u001b[2m)\u001b[22m failed\n\nLocator:  getByRole('textbox', { name: 'Enter terms and conditions' })\nExpected: not \u001b[32m\"\"\u001b[39m\nReceived: \u001b[31m\"\"\u001b[39m\nTimeout:  15000ms\n\nCall log:\n\u001b[2m  - Expect \"not toHaveValue\" getByRole('textbox', { name: 'Enter terms and conditions' }) with timeout 15000ms\u001b[22m\n\u001b[2m  - waiting for getByRole('textbox', { name: 'Enter terms and conditions' })\u001b[22m\n\u001b[2m    32 × locator resolved to <textarea data-v-ea0c128e=\"\" class=\"mr-textarea\" placeholder=\"Enter terms and conditions\"></textarea>\u001b[22m\n\u001b[2m       - unexpected value \"\"\u001b[22m\n",
                        "stack": "Error: \u001b[2mexpect(\u001b[22m\u001b[31mlocator\u001b[39m\u001b[2m).not.\u001b[22mtoHaveValue\u001b[2m(\u001b[22m\u001b[32mexpected\u001b[39m\u001b[2m)\u001b[22m failed\n\nLocator:  getByRole('textbox', { name: 'Enter terms and conditions' })\nExpected: not \u001b[32m\"\"\u001b[39m\nReceived: \u001b[31m\"\"\u001b[39m\nTimeout:  15000ms\n\nCall log:\n\u001b[2m  - Expect \"not toHaveValue\" getByRole('textbox', { name: 'Enter terms and conditions' }) with timeout 15000ms\u001b[22m\n\u001b[2m  - waiting for getByRole('textbox', { name: 'Enter terms and conditions' })\u001b[22m\n\u001b[2m    32 × locator resolved to <textarea data-v-ea0c128e=\"\" class=\"mr-textarea\" placeholder=\"Enter terms and conditions\"></textarea>\u001b[22m\n\u001b[2m       - unexpected value \"\"\u001b[22m\n\n    at C:\\Playwright_Automation\\Shamel\\srs-material-request.spec.ts:132:89",
                        "location": {
                          "file": "C:\\Playwright_Automation\\Shamel\\srs-material-request.spec.ts",
                          "column": 89,
                          "line": 132
                        },
                        "snippet": "  130 |     await mrPage.tab('Additional Information').click();\n  131 |     await mrPage.choose(page.getByRole('combobox', { name: 'Select Terms' }), 'dsfsdfsdf');\n> 132 |     await expect(page.getByRole('textbox', { name: 'Enter terms and conditions' })).not.toHaveValue('');\n      |                                                                                         ^\n  133 |   });\n  134 | });\n  135 |"
                      },
                      "errors": [
                        {
                          "location": {
                            "file": "C:\\Playwright_Automation\\Shamel\\srs-material-request.spec.ts",
                            "column": 89,
                            "line": 132
                          },
                          "message": "Error: \u001b[2mexpect(\u001b[22m\u001b[31mlocator\u001b[39m\u001b[2m).not.\u001b[22mtoHaveValue\u001b[2m(\u001b[22m\u001b[32mexpected\u001b[39m\u001b[2m)\u001b[22m failed\n\nLocator:  getByRole('textbox', { name: 'Enter terms and conditions' })\nExpected: not \u001b[32m\"\"\u001b[39m\nReceived: \u001b[31m\"\"\u001b[39m\nTimeout:  15000ms\n\nCall log:\n\u001b[2m  - Expect \"not toHaveValue\" getByRole('textbox', { name: 'Enter terms and conditions' }) with timeout 15000ms\u001b[22m\n\u001b[2m  - waiting for getByRole('textbox', { name: 'Enter terms and conditions' })\u001b[22m\n\u001b[2m    32 × locator resolved to <textarea data-v-ea0c128e=\"\" class=\"mr-textarea\" placeholder=\"Enter terms and conditions\"></textarea>\u001b[22m\n\u001b[2m       - unexpected value \"\"\u001b[22m\n\n\n  130 |     await mrPage.tab('Additional Information').click();\n  131 |     await mrPage.choose(page.getByRole('combobox', { name: 'Select Terms' }), 'dsfsdfsdf');\n> 132 |     await expect(page.getByRole('textbox', { name: 'Enter terms and conditions' })).not.toHaveValue('');\n      |                                                                                         ^\n  133 |   });\n  134 | });\n  135 |\n    at C:\\Playwright_Automation\\Shamel\\srs-material-request.spec.ts:132:89"
                        }
                      ],
                      "stdout": [],
                      "stderr": [],
                      "retry": 0,
                      "startTime": "2026-10-07T12:07:52.855Z",
                      "annotations": [
                        {
                          "type": "SRS",
                          "description": "UC3 Terms: selecting a template loads its content (TC-MI)",
                          "location": {
                            "file": "C:\\Playwright_Automation\\Shamel\\srs-material-request.spec.ts",
                            "line": 127,
                            "column": 7
                          }
                        }
                      ],
                      "attachments": [
                        {
                          "name": "screenshot",
                          "contentType": "image/png",
                          "path": "C:\\Playwright_Automation\\test-results\\srs-material-request-UC2---49885-erms-and-Conditions-content-chromium\\test-failed-1.png"
                        },
                        {
                          "name": "video",
                          "contentType": "video/webm",
                          "path": "C:\\Playwright_Automation\\test-results\\srs-material-request-UC2---49885-erms-and-Conditions-content-chromium\\video.webm"
                        },
                        {
                          "name": "error-context",
                          "contentType": "text/markdown",
                          "path": "C:\\Playwright_Automation\\test-results\\srs-material-request-UC2---49885-erms-and-Conditions-content-chromium\\error-context.md"
                        }
                      ],
                      "errorLocation": {
                        "file": "C:\\Playwright_Automation\\Shamel\\srs-material-request.spec.ts",
                        "column": 89,
                        "line": 132
                      }
                    }
                  ],
                  "status": "unexpected"
                }
              ],
              "id": "de92fb1d85d71b706891-c0483a19a445bfac233a",
              "file": "srs-material-request.spec.ts",
              "line": 127,
              "column": 7
            }
          ]
        },
        {
          "title": "Server rules behind the form",
          "file": "srs-material-request.spec.ts",
          "line": 136,
          "column": 6,
          "specs": [
            {
              "title": "A warehouse of another company is rejected",
              "ok": true,
              "tags": [],
              "tests": [
                {
                  "timeout": 240000,
                  "annotations": [
                    {
                      "type": "SRS",
                      "description": "UC2 Warehouse: must belong to the company (TC-IT)",
                      "location": {
                        "file": "C:\\Playwright_Automation\\Shamel\\srs-material-request.spec.ts",
                        "line": 137,
                        "column": 7
                      }
                    }
                  ],
                  "expectedStatus": "passed",
                  "projectId": "chromium",
                  "projectName": "chromium",
                  "results": [
                    {
                      "workerIndex": 11,
                      "parallelIndex": 1,
                      "status": "passed",
                      "duration": 18550,
                      "errors": [],
                      "stdout": [],
                      "stderr": [],
                      "retry": 0,
                      "startTime": "2026-10-07T12:08:01.602Z",
                      "annotations": [
                        {
                          "type": "SRS",
                          "description": "UC2 Warehouse: must belong to the company (TC-IT)",
                          "location": {
                            "file": "C:\\Playwright_Automation\\Shamel\\srs-material-request.spec.ts",
                            "line": 137,
                            "column": 7
                          }
                        }
                      ],
                      "attachments": []
                    }
                  ],
                  "status": "expected"
                }
              ],
              "id": "de92fb1d85d71b706891-d1f0e6d68984788f503f",
              "file": "srs-material-request.spec.ts",
              "line": 137,
              "column": 7
            },
            {
              "title": "A group warehouse is rejected on a Material Request",
              "ok": false,
              "tags": [],
              "tests": [
                {
                  "timeout": 240000,
                  "annotations": [
                    {
                      "type": "SRS",
                      "description": "UC2 Warehouse: group warehouses not allowed in transactions [assumed, ERPNext rule]",
                      "location": {
                        "file": "C:\\Playwright_Automation\\Shamel\\srs-material-request.spec.ts",
                        "line": 145,
                        "column": 7
                      }
                    }
                  ],
                  "expectedStatus": "passed",
                  "projectId": "chromium",
                  "projectName": "chromium",
                  "results": [
                    {
                      "workerIndex": 11,
                      "parallelIndex": 1,
                      "status": "failed",
                      "duration": 6153,
                      "error": {
                        "message": "Error: \u001b[2mexpect(\u001b[22m\u001b[31mreceived\u001b[39m\u001b[2m).\u001b[22mrejects\u001b[2m.\u001b[22mtoThrow\u001b[2m()\u001b[22m\n\nReceived promise resolved instead of rejected\nResolved to value: \u001b[31m{\"auto_created_via_reorder\": 0, \"buying_price_list\": \"Standard Buying\", \"company\": \"Ahmed Ebrahim CO.\", \"creation\": \"2026-10-07 15:08:24.285534\", \"docstatus\": 0, \"doctype\": \"Material Request\", \"idx\": 0, \"items\": [{\"__unsaved\": 1, \"actual_qty\": 58, \"amount\": 0, \"conversion_factor\": 1, \"cost_center\": \"101 - Main X - E\", \"creation\": \"2026-10-07 15:08:24.285534\", \"description\": \"\", \"docstatus\": 0, \"doctype\": \"Material Request Item\", \"expense_account\": \"\", \"idx\": 1, \"image\": \"\", \"item_code\": \"STO-ITEM-2026-00072\", \"item_group\": \"Services\", \"item_name\": \"PW MR Stock Item\", \"min_order_qty\": 0, \"modified\": \"2026-10-07 15:08:24.285534\", \"modified_by\": \"Administrator\", \"name\": \"7hkske573p\", \"ordered_qty\": 0, \"owner\": \"Administrator\", \"page_break\": 0, \"parent\": \"MAT-MR-2026-00028\", \"parentfield\": \"items\", \"parenttype\": \"Material Request\", \"picked_qty\": 0, \"price_list_rate\": 0, \"projected_on_hand\": 0, \"projected_qty\": 0, \"qty\": 1, \"rate\": 0, \"received_qty\": 0, \"reorder_level\": 0, \"reorder_qty\": 0, \"schedule_date\": \"2026-10-07\", \"stock_qty\": 1, \"stock_uom\": \"Unit\", \"uom\": \"Unit\", \"warehouse\": \"All Warehouses - E\"}], \"last_scanned_warehouse\": null, \"letter_head\": \"Talab\", \"material_request_type\": \"Purchase\", \"modified\": \"2026-10-07 15:08:24.285534\", \"modified_by\": \"Administrator\", \"name\": \"MAT-MR-2026-00028\", \"naming_series\": \"MAT-MR-.YYYY.-\", \"owner\": \"Administrator\", \"per_ordered\": 0, \"per_received\": 0, \"schedule_date\": \"2026-10-07\", \"status\": \"Draft\", \"title\": \"Purchase Request for PW MR Stock Item\", \"transaction_date\": \"2026-10-07\", \"transfer_status\": \"\"}\u001b[39m",
                        "stack": "Error: \u001b[2mexpect(\u001b[22m\u001b[31mreceived\u001b[39m\u001b[2m).\u001b[22mrejects\u001b[2m.\u001b[22mtoThrow\u001b[2m()\u001b[22m\n\nReceived promise resolved instead of rejected\nResolved to value: \u001b[31m{\"auto_created_via_reorder\": 0, \"buying_price_list\": \"Standard Buying\", \"company\": \"Ahmed Ebrahim CO.\", \"creation\": \"2026-10-07 15:08:24.285534\", \"docstatus\": 0, \"doctype\": \"Material Request\", \"idx\": 0, \"items\": [{\"__unsaved\": 1, \"actual_qty\": 58, \"amount\": 0, \"conversion_factor\": 1, \"cost_center\": \"101 - Main X - E\", \"creation\": \"2026-10-07 15:08:24.285534\", \"description\": \"\", \"docstatus\": 0, \"doctype\": \"Material Request Item\", \"expense_account\": \"\", \"idx\": 1, \"image\": \"\", \"item_code\": \"STO-ITEM-2026-00072\", \"item_group\": \"Services\", \"item_name\": \"PW MR Stock Item\", \"min_order_qty\": 0, \"modified\": \"2026-10-07 15:08:24.285534\", \"modified_by\": \"Administrator\", \"name\": \"7hkske573p\", \"ordered_qty\": 0, \"owner\": \"Administrator\", \"page_break\": 0, \"parent\": \"MAT-MR-2026-00028\", \"parentfield\": \"items\", \"parenttype\": \"Material Request\", \"picked_qty\": 0, \"price_list_rate\": 0, \"projected_on_hand\": 0, \"projected_qty\": 0, \"qty\": 1, \"rate\": 0, \"received_qty\": 0, \"reorder_level\": 0, \"reorder_qty\": 0, \"schedule_date\": \"2026-10-07\", \"stock_qty\": 1, \"stock_uom\": \"Unit\", \"uom\": \"Unit\", \"warehouse\": \"All Warehouses - E\"}], \"last_scanned_warehouse\": null, \"letter_head\": \"Talab\", \"material_request_type\": \"Purchase\", \"modified\": \"2026-10-07 15:08:24.285534\", \"modified_by\": \"Administrator\", \"name\": \"MAT-MR-2026-00028\", \"naming_series\": \"MAT-MR-.YYYY.-\", \"owner\": \"Administrator\", \"per_ordered\": 0, \"per_received\": 0, \"schedule_date\": \"2026-10-07\", \"status\": \"Draft\", \"title\": \"Purchase Request for PW MR Stock Item\", \"transaction_date\": \"2026-10-07\", \"transfer_status\": \"\"}\u001b[39m\n    at C:\\Playwright_Automation\\Shamel\\srs-material-request.spec.ts:151:17",
                        "location": {
                          "file": "C:\\Playwright_Automation\\Shamel\\srs-material-request.spec.ts",
                          "column": 17,
                          "line": 151
                        },
                        "snippet": "  149 |       company: COMPANY, material_request_type: 'Purchase', transaction_date: today(), schedule_date: today(),\n  150 |       items: [{ item_code: item, qty: 1, uom: 'Unit', schedule_date: today(), warehouse: 'All Warehouses - E' }],\n> 151 |     })).rejects.toThrow(/[Gg]roup/);\n      |                 ^\n  152 |   });\n  153 | });\n  154 |"
                      },
                      "errors": [
                        {
                          "location": {
                            "file": "C:\\Playwright_Automation\\Shamel\\srs-material-request.spec.ts",
                            "column": 17,
                            "line": 151
                          },
                          "message": "Error: \u001b[2mexpect(\u001b[22m\u001b[31mreceived\u001b[39m\u001b[2m).\u001b[22mrejects\u001b[2m.\u001b[22mtoThrow\u001b[2m()\u001b[22m\n\nReceived promise resolved instead of rejected\nResolved to value: \u001b[31m{\"auto_created_via_reorder\": 0, \"buying_price_list\": \"Standard Buying\", \"company\": \"Ahmed Ebrahim CO.\", \"creation\": \"2026-10-07 15:08:24.285534\", \"docstatus\": 0, \"doctype\": \"Material Request\", \"idx\": 0, \"items\": [{\"__unsaved\": 1, \"actual_qty\": 58, \"amount\": 0, \"conversion_factor\": 1, \"cost_center\": \"101 - Main X - E\", \"creation\": \"2026-10-07 15:08:24.285534\", \"description\": \"\", \"docstatus\": 0, \"doctype\": \"Material Request Item\", \"expense_account\": \"\", \"idx\": 1, \"image\": \"\", \"item_code\": \"STO-ITEM-2026-00072\", \"item_group\": \"Services\", \"item_name\": \"PW MR Stock Item\", \"min_order_qty\": 0, \"modified\": \"2026-10-07 15:08:24.285534\", \"modified_by\": \"Administrator\", \"name\": \"7hkske573p\", \"ordered_qty\": 0, \"owner\": \"Administrator\", \"page_break\": 0, \"parent\": \"MAT-MR-2026-00028\", \"parentfield\": \"items\", \"parenttype\": \"Material Request\", \"picked_qty\": 0, \"price_list_rate\": 0, \"projected_on_hand\": 0, \"projected_qty\": 0, \"qty\": 1, \"rate\": 0, \"received_qty\": 0, \"reorder_level\": 0, \"reorder_qty\": 0, \"schedule_date\": \"2026-10-07\", \"stock_qty\": 1, \"stock_uom\": \"Unit\", \"uom\": \"Unit\", \"warehouse\": \"All Warehouses - E\"}], \"last_scanned_warehouse\": null, \"letter_head\": \"Talab\", \"material_request_type\": \"Purchase\", \"modified\": \"2026-10-07 15:08:24.285534\", \"modified_by\": \"Administrator\", \"name\": \"MAT-MR-2026-00028\", \"naming_series\": \"MAT-MR-.YYYY.-\", \"owner\": \"Administrator\", \"per_ordered\": 0, \"per_received\": 0, \"schedule_date\": \"2026-10-07\", \"status\": \"Draft\", \"title\": \"Purchase Request for PW MR Stock Item\", \"transaction_date\": \"2026-10-07\", \"transfer_status\": \"\"}\u001b[39m\n\n  149 |       company: COMPANY, material_request_type: 'Purchase', transaction_date: today(), schedule_date: today(),\n  150 |       items: [{ item_code: item, qty: 1, uom: 'Unit', schedule_date: today(), warehouse: 'All Warehouses - E' }],\n> 151 |     })).rejects.toThrow(/[Gg]roup/);\n      |                 ^\n  152 |   });\n  153 | });\n  154 |\n    at C:\\Playwright_Automation\\Shamel\\srs-material-request.spec.ts:151:17"
                        }
                      ],
                      "stdout": [],
                      "stderr": [],
                      "retry": 0,
                      "startTime": "2026-10-07T12:08:20.885Z",
                      "annotations": [
                        {
                          "type": "SRS",
                          "description": "UC2 Warehouse: group warehouses not allowed in transactions [assumed, ERPNext rule]",
                          "location": {
                            "file": "C:\\Playwright_Automation\\Shamel\\srs-material-request.spec.ts",
                            "line": 145,
                            "column": 7
                          }
                        }
                      ],
                      "attachments": [
                        {
                          "name": "screenshot",
                          "contentType": "image/png",
                          "path": "C:\\Playwright_Automation\\test-results\\srs-material-request-Serve-3535a-ected-on-a-Material-Request-chromium\\test-failed-1.png"
                        },
                        {
                          "name": "video",
                          "contentType": "video/webm",
                          "path": "C:\\Playwright_Automation\\test-results\\srs-material-request-Serve-3535a-ected-on-a-Material-Request-chromium\\video.webm"
                        },
                        {
                          "name": "error-context",
                          "contentType": "text/markdown",
                          "path": "C:\\Playwright_Automation\\test-results\\srs-material-request-Serve-3535a-ected-on-a-Material-Request-chromium\\error-context.md"
                        }
                      ],
                      "errorLocation": {
                        "file": "C:\\Playwright_Automation\\Shamel\\srs-material-request.spec.ts",
                        "column": 17,
                        "line": 151
                      }
                    }
                  ],
                  "status": "unexpected"
                }
              ],
              "id": "de92fb1d85d71b706891-5f36b24c29b7cb4178e1",
              "file": "srs-material-request.spec.ts",
              "line": 145,
              "column": 7
            }
          ]
        },
        {
          "title": "UC4 - Details of a saved Material Request",
          "file": "srs-material-request.spec.ts",
          "line": 155,
          "column": 6,
          "specs": [
            {
              "title": "Details show the saved header and item values",
              "ok": true,
              "tags": [],
              "tests": [
                {
                  "timeout": 240000,
                  "annotations": [
                    {
                      "type": "SRS",
                      "description": "UC4 Details: shows saved data (TC-DT)",
                      "location": {
                        "file": "C:\\Playwright_Automation\\Shamel\\srs-material-request.spec.ts",
                        "line": 156,
                        "column": 7
                      }
                    }
                  ],
                  "expectedStatus": "passed",
                  "projectId": "chromium",
                  "projectName": "chromium",
                  "results": [
                    {
                      "workerIndex": 12,
                      "parallelIndex": 1,
                      "status": "passed",
                      "duration": 54643,
                      "errors": [],
                      "stdout": [],
                      "stderr": [],
                      "retry": 0,
                      "startTime": "2026-10-07T12:08:28.041Z",
                      "annotations": [
                        {
                          "type": "SRS",
                          "description": "UC4 Details: shows saved data (TC-DT)",
                          "location": {
                            "file": "C:\\Playwright_Automation\\Shamel\\srs-material-request.spec.ts",
                            "line": 156,
                            "column": 7
                          }
                        }
                      ],
                      "attachments": []
                    }
                  ],
                  "status": "expected"
                }
              ],
              "id": "de92fb1d85d71b706891-5b6145464771950292cc",
              "file": "srs-material-request.spec.ts",
              "line": 156,
              "column": 7
            },
            {
              "title": "Details show the saved UOM of each item",
              "ok": true,
              "tags": [],
              "tests": [
                {
                  "timeout": 240000,
                  "annotations": [
                    {
                      "type": "SRS",
                      "description": "UC4 Details: item UOM (TC-DT)",
                      "location": {
                        "file": "C:\\Playwright_Automation\\Shamel\\srs-material-request.spec.ts",
                        "line": 166,
                        "column": 7
                      }
                    }
                  ],
                  "expectedStatus": "passed",
                  "projectId": "chromium",
                  "projectName": "chromium",
                  "results": [
                    {
                      "workerIndex": 13,
                      "parallelIndex": 0,
                      "status": "passed",
                      "duration": 49267,
                      "errors": [],
                      "stdout": [],
                      "stderr": [],
                      "retry": 0,
                      "startTime": "2026-10-07T12:08:54.036Z",
                      "annotations": [
                        {
                          "type": "SRS",
                          "description": "UC4 Details: item UOM (TC-DT)",
                          "location": {
                            "file": "C:\\Playwright_Automation\\Shamel\\srs-material-request.spec.ts",
                            "line": 166,
                            "column": 7
                          }
                        }
                      ],
                      "attachments": []
                    }
                  ],
                  "status": "expected"
                }
              ],
              "id": "de92fb1d85d71b706891-dfdabfa1e4eed64487af",
              "file": "srs-material-request.spec.ts",
              "line": 166,
              "column": 7
            },
            {
              "title": "Material Issue details show the From Warehouse",
              "ok": false,
              "tags": [],
              "tests": [
                {
                  "timeout": 240000,
                  "annotations": [
                    {
                      "type": "SRS",
                      "description": "UC4 Details: Material Issue shows From Warehouse (TC-DT)",
                      "location": {
                        "file": "C:\\Playwright_Automation\\Shamel\\srs-material-request.spec.ts",
                        "line": 172,
                        "column": 7
                      }
                    }
                  ],
                  "expectedStatus": "passed",
                  "projectId": "chromium",
                  "projectName": "chromium",
                  "results": [
                    {
                      "workerIndex": 12,
                      "parallelIndex": 1,
                      "status": "failed",
                      "duration": 58866,
                      "error": {
                        "message": "Error: \u001b[2mexpect(\u001b[22m\u001b[31mlocator\u001b[39m\u001b[2m).\u001b[22mtoHaveValue\u001b[2m(\u001b[22m\u001b[32mexpected\u001b[39m\u001b[2m)\u001b[22m failed\n\nLocator: getByRole('combobox', { name: 'From Warehouse' })\nExpected pattern: \u001b[32m/Stores - E/\u001b[39m\nReceived string:  \u001b[31m\"\"\u001b[39m\nTimeout: 15000ms\n\nCall log:\n\u001b[2m  - Expect \"toHaveValue\" getByRole('combobox', { name: 'From Warehouse' }) with timeout 15000ms\u001b[22m\n\u001b[2m  - waiting for getByRole('combobox', { name: 'From Warehouse' })\u001b[22m\n\u001b[2m    26 × locator resolved to <input value=\"\" type=\"text\" role=\"combobox\" aria-controls=\"\" class=\"cs-input\" data-v-d10c49f3=\"\" autocomplete=\"false\" aria-expanded=\"false\" aria-disabled=\"false\" aria-autocomplete=\"list\" placeholder=\"From Warehouse\"/>\u001b[22m\n\u001b[2m       - unexpected value \"\"\u001b[22m\n",
                        "stack": "Error: \u001b[2mexpect(\u001b[22m\u001b[31mlocator\u001b[39m\u001b[2m).\u001b[22mtoHaveValue\u001b[2m(\u001b[22m\u001b[32mexpected\u001b[39m\u001b[2m)\u001b[22m failed\n\nLocator: getByRole('combobox', { name: 'From Warehouse' })\nExpected pattern: \u001b[32m/Stores - E/\u001b[39m\nReceived string:  \u001b[31m\"\"\u001b[39m\nTimeout: 15000ms\n\nCall log:\n\u001b[2m  - Expect \"toHaveValue\" getByRole('combobox', { name: 'From Warehouse' }) with timeout 15000ms\u001b[22m\n\u001b[2m  - waiting for getByRole('combobox', { name: 'From Warehouse' })\u001b[22m\n\u001b[2m    26 × locator resolved to <input value=\"\" type=\"text\" role=\"combobox\" aria-controls=\"\" class=\"cs-input\" data-v-d10c49f3=\"\" autocomplete=\"false\" aria-expanded=\"false\" aria-disabled=\"false\" aria-autocomplete=\"list\" placeholder=\"From Warehouse\"/>\u001b[22m\n\u001b[2m       - unexpected value \"\"\u001b[22m\n\n    at C:\\Playwright_Automation\\Shamel\\srs-material-request.spec.ts:175:74",
                        "location": {
                          "file": "C:\\Playwright_Automation\\Shamel\\srs-material-request.spec.ts",
                          "column": 74,
                          "line": 175
                        },
                        "snippet": "  173 |     const doc = await submittedMR('Material Issue', 1);\n  174 |     await mrPage.gotoDetails(doc.name);\n> 175 |     await expect(page.getByRole('combobox', { name: 'From Warehouse' })).toHaveValue(new RegExp(WAREHOUSE));\n      |                                                                          ^\n  176 |   });\n  177 |\n  178 |   test('Details show the document ID and its status', srs('UC4 Details: ID and status visible (TC-DT, TC-FA)'), async ({ page }) => {"
                      },
                      "errors": [
                        {
                          "location": {
                            "file": "C:\\Playwright_Automation\\Shamel\\srs-material-request.spec.ts",
                            "column": 74,
                            "line": 175
                          },
                          "message": "Error: \u001b[2mexpect(\u001b[22m\u001b[31mlocator\u001b[39m\u001b[2m).\u001b[22mtoHaveValue\u001b[2m(\u001b[22m\u001b[32mexpected\u001b[39m\u001b[2m)\u001b[22m failed\n\nLocator: getByRole('combobox', { name: 'From Warehouse' })\nExpected pattern: \u001b[32m/Stores - E/\u001b[39m\nReceived string:  \u001b[31m\"\"\u001b[39m\nTimeout: 15000ms\n\nCall log:\n\u001b[2m  - Expect \"toHaveValue\" getByRole('combobox', { name: 'From Warehouse' }) with timeout 15000ms\u001b[22m\n\u001b[2m  - waiting for getByRole('combobox', { name: 'From Warehouse' })\u001b[22m\n\u001b[2m    26 × locator resolved to <input value=\"\" type=\"text\" role=\"combobox\" aria-controls=\"\" class=\"cs-input\" data-v-d10c49f3=\"\" autocomplete=\"false\" aria-expanded=\"false\" aria-disabled=\"false\" aria-autocomplete=\"list\" placeholder=\"From Warehouse\"/>\u001b[22m\n\u001b[2m       - unexpected value \"\"\u001b[22m\n\n\n  173 |     const doc = await submittedMR('Material Issue', 1);\n  174 |     await mrPage.gotoDetails(doc.name);\n> 175 |     await expect(page.getByRole('combobox', { name: 'From Warehouse' })).toHaveValue(new RegExp(WAREHOUSE));\n      |                                                                          ^\n  176 |   });\n  177 |\n  178 |   test('Details show the document ID and its status', srs('UC4 Details: ID and status visible (TC-DT, TC-FA)'), async ({ page }) => {\n    at C:\\Playwright_Automation\\Shamel\\srs-material-request.spec.ts:175:74"
                        }
                      ],
                      "stdout": [],
                      "stderr": [],
                      "retry": 0,
                      "startTime": "2026-10-07T12:09:23.243Z",
                      "annotations": [
                        {
                          "type": "SRS",
                          "description": "UC4 Details: Material Issue shows From Warehouse (TC-DT)",
                          "location": {
                            "file": "C:\\Playwright_Automation\\Shamel\\srs-material-request.spec.ts",
                            "line": 172,
                            "column": 7
                          }
                        }
                      ],
                      "attachments": [
                        {
                          "name": "screenshot",
                          "contentType": "image/png",
                          "path": "C:\\Playwright_Automation\\test-results\\srs-material-request-UC4---12610-ils-show-the-From-Warehouse-chromium\\test-failed-1.png"
                        },
                        {
                          "name": "video",
                          "contentType": "video/webm",
                          "path": "C:\\Playwright_Automation\\test-results\\srs-material-request-UC4---12610-ils-show-the-From-Warehouse-chromium\\video.webm"
                        },
                        {
                          "name": "error-context",
                          "contentType": "text/markdown",
                          "path": "C:\\Playwright_Automation\\test-results\\srs-material-request-UC4---12610-ils-show-the-From-Warehouse-chromium\\error-context.md"
                        }
                      ],
                      "errorLocation": {
                        "file": "C:\\Playwright_Automation\\Shamel\\srs-material-request.spec.ts",
                        "column": 74,
                        "line": 175
                      }
                    }
                  ],
                  "status": "unexpected"
                }
              ],
              "id": "de92fb1d85d71b706891-3b81277f1f30f462f31b",
              "file": "srs-material-request.spec.ts",
              "line": 172,
              "column": 7
            },
            {
              "title": "Details show the document ID and its status",
              "ok": false,
              "tags": [],
              "tests": [
                {
                  "timeout": 240000,
                  "annotations": [
                    {
                      "type": "SRS",
                      "description": "UC4 Details: ID and status visible (TC-DT, TC-FA)",
                      "location": {
                        "file": "C:\\Playwright_Automation\\Shamel\\srs-material-request.spec.ts",
                        "line": 178,
                        "column": 7
                      }
                    }
                  ],
                  "expectedStatus": "passed",
                  "projectId": "chromium",
                  "projectName": "chromium",
                  "results": [
                    {
                      "workerIndex": 13,
                      "parallelIndex": 0,
                      "status": "failed",
                      "duration": 57260,
                      "error": {
                        "message": "Error: \u001b[2mexpect(\u001b[22m\u001b[31mreceived\u001b[39m\u001b[2m).\u001b[22mtoContain\u001b[2m(\u001b[22m\u001b[32mexpected\u001b[39m\u001b[2m) // indexOf\u001b[22m\n\nExpected substring: \u001b[32m\"MAT-MR-2026-00032\"\u001b[39m\nReceived string:    \u001b[31m\"Welcome Administrator !·\u001b[39m\n\u001b[31mAN·\u001b[39m\n\u001b[31mAdministrator\u001b[39m\n\u001b[31madmin@example.com\u001b[39m\n\u001b[31mMaterial Request Details\u001b[39m\n\u001b[31mGet Items from\u001b[39m\n\u001b[31mDetails\u001b[39m\n\u001b[31mAdditional Information\u001b[39m\n\u001b[31mConnections\u001b[39m\n\u001b[31mBasic Information\u001b[39m\n\u001b[31mSeries *\u001b[39m\n\u001b[31mRequest Date *\u001b[39m\n\u001b[31mPurpose *\u001b[39m\n\u001b[31mPrice List *\u001b[39m\n\u001b[31mRequired Before *\u001b[39m\n\u001b[31mItems\u001b[39m\n\u001b[31mScan Barcode\u001b[39m\n\u001b[31mSet Warehouse\u001b[39m\n\u001b[31mItems Record\u001b[39m\n\u001b[31mAdd Item\u001b[39m\n\u001b[31m\tItem Code\tRequired Before\tQuantity\tWarehouse\tUOM···············\u001b[39m\n\u001b[31mCancel\u001b[39m\n\u001b[31mSave\"\u001b[39m",
                        "stack": "Error: \u001b[2mexpect(\u001b[22m\u001b[31mreceived\u001b[39m\u001b[2m).\u001b[22mtoContain\u001b[2m(\u001b[22m\u001b[32mexpected\u001b[39m\u001b[2m) // indexOf\u001b[22m\n\nExpected substring: \u001b[32m\"MAT-MR-2026-00032\"\u001b[39m\nReceived string:    \u001b[31m\"Welcome Administrator !·\u001b[39m\n\u001b[31mAN·\u001b[39m\n\u001b[31mAdministrator\u001b[39m\n\u001b[31madmin@example.com\u001b[39m\n\u001b[31mMaterial Request Details\u001b[39m\n\u001b[31mGet Items from\u001b[39m\n\u001b[31mDetails\u001b[39m\n\u001b[31mAdditional Information\u001b[39m\n\u001b[31mConnections\u001b[39m\n\u001b[31mBasic Information\u001b[39m\n\u001b[31mSeries *\u001b[39m\n\u001b[31mRequest Date *\u001b[39m\n\u001b[31mPurpose *\u001b[39m\n\u001b[31mPrice List *\u001b[39m\n\u001b[31mRequired Before *\u001b[39m\n\u001b[31mItems\u001b[39m\n\u001b[31mScan Barcode\u001b[39m\n\u001b[31mSet Warehouse\u001b[39m\n\u001b[31mItems Record\u001b[39m\n\u001b[31mAdd Item\u001b[39m\n\u001b[31m\tItem Code\tRequired Before\tQuantity\tWarehouse\tUOM···············\u001b[39m\n\u001b[31mCancel\u001b[39m\n\u001b[31mSave\"\u001b[39m\n    at C:\\Playwright_Automation\\Shamel\\srs-material-request.spec.ts:182:23",
                        "location": {
                          "file": "C:\\Playwright_Automation\\Shamel\\srs-material-request.spec.ts",
                          "column": 23,
                          "line": 182
                        },
                        "snippet": "  180 |     await mrPage.gotoDetails(doc.name);\n  181 |     const text = await mainText(page);\n> 182 |     expect.soft(text).toContain(doc.name);\n      |                       ^\n  183 |     expect(text).toMatch(/Submitted|Pending/);\n  184 |   });\n  185 |"
                      },
                      "errors": [
                        {
                          "location": {
                            "file": "C:\\Playwright_Automation\\Shamel\\srs-material-request.spec.ts",
                            "column": 23,
                            "line": 182
                          },
                          "message": "Error: \u001b[2mexpect(\u001b[22m\u001b[31mreceived\u001b[39m\u001b[2m).\u001b[22mtoContain\u001b[2m(\u001b[22m\u001b[32mexpected\u001b[39m\u001b[2m) // indexOf\u001b[22m\n\nExpected substring: \u001b[32m\"MAT-MR-2026-00032\"\u001b[39m\nReceived string:    \u001b[31m\"Welcome Administrator !·\u001b[39m\n\u001b[31mAN·\u001b[39m\n\u001b[31mAdministrator\u001b[39m\n\u001b[31madmin@example.com\u001b[39m\n\u001b[31mMaterial Request Details\u001b[39m\n\u001b[31mGet Items from\u001b[39m\n\u001b[31mDetails\u001b[39m\n\u001b[31mAdditional Information\u001b[39m\n\u001b[31mConnections\u001b[39m\n\u001b[31mBasic Information\u001b[39m\n\u001b[31mSeries *\u001b[39m\n\u001b[31mRequest Date *\u001b[39m\n\u001b[31mPurpose *\u001b[39m\n\u001b[31mPrice List *\u001b[39m\n\u001b[31mRequired Before *\u001b[39m\n\u001b[31mItems\u001b[39m\n\u001b[31mScan Barcode\u001b[39m\n\u001b[31mSet Warehouse\u001b[39m\n\u001b[31mItems Record\u001b[39m\n\u001b[31mAdd Item\u001b[39m\n\u001b[31m\tItem Code\tRequired Before\tQuantity\tWarehouse\tUOM···············\u001b[39m\n\u001b[31mCancel\u001b[39m\n\u001b[31mSave\"\u001b[39m\n\n  180 |     await mrPage.gotoDetails(doc.name);\n  181 |     const text = await mainText(page);\n> 182 |     expect.soft(text).toContain(doc.name);\n      |                       ^\n  183 |     expect(text).toMatch(/Submitted|Pending/);\n  184 |   });\n  185 |\n    at C:\\Playwright_Automation\\Shamel\\srs-material-request.spec.ts:182:23"
                        },
                        {
                          "location": {
                            "file": "C:\\Playwright_Automation\\Shamel\\srs-material-request.spec.ts",
                            "column": 18,
                            "line": 183
                          },
                          "message": "Error: \u001b[2mexpect(\u001b[22m\u001b[31mreceived\u001b[39m\u001b[2m).\u001b[22mtoMatch\u001b[2m(\u001b[22m\u001b[32mexpected\u001b[39m\u001b[2m)\u001b[22m\n\nExpected pattern: \u001b[32m/Submitted|Pending/\u001b[39m\nReceived string:  \u001b[31m\"Welcome Administrator !·\u001b[39m\n\u001b[31mAN·\u001b[39m\n\u001b[31mAdministrator\u001b[39m\n\u001b[31madmin@example.com\u001b[39m\n\u001b[31mMaterial Request Details\u001b[39m\n\u001b[31mGet Items from\u001b[39m\n\u001b[31mDetails\u001b[39m\n\u001b[31mAdditional Information\u001b[39m\n\u001b[31mConnections\u001b[39m\n\u001b[31mBasic Information\u001b[39m\n\u001b[31mSeries *\u001b[39m\n\u001b[31mRequest Date *\u001b[39m\n\u001b[31mPurpose *\u001b[39m\n\u001b[31mPrice List *\u001b[39m\n\u001b[31mRequired Before *\u001b[39m\n\u001b[31mItems\u001b[39m\n\u001b[31mScan Barcode\u001b[39m\n\u001b[31mSet Warehouse\u001b[39m\n\u001b[31mItems Record\u001b[39m\n\u001b[31mAdd Item\u001b[39m\n\u001b[31m\tItem Code\tRequired Before\tQuantity\tWarehouse\tUOM···············\u001b[39m\n\u001b[31mCancel\u001b[39m\n\u001b[31mSave\"\u001b[39m\n\n  181 |     const text = await mainText(page);\n  182 |     expect.soft(text).toContain(doc.name);\n> 183 |     expect(text).toMatch(/Submitted|Pending/);\n      |                  ^\n  184 |   });\n  185 |\n  186 |   test('A submitted Material Request cannot be edited or deleted', srs('UC4/FA: submitted document is read-only (TC-DT, TC-FA)'), async ({ page }) => {\n    at C:\\Playwright_Automation\\Shamel\\srs-material-request.spec.ts:183:18"
                        }
                      ],
                      "stdout": [],
                      "stderr": [],
                      "retry": 0,
                      "startTime": "2026-10-07T12:09:43.832Z",
                      "annotations": [
                        {
                          "type": "SRS",
                          "description": "UC4 Details: ID and status visible (TC-DT, TC-FA)",
                          "location": {
                            "file": "C:\\Playwright_Automation\\Shamel\\srs-material-request.spec.ts",
                            "line": 178,
                            "column": 7
                          }
                        }
                      ],
                      "attachments": [
                        {
                          "name": "screenshot",
                          "contentType": "image/png",
                          "path": "C:\\Playwright_Automation\\test-results\\srs-material-request-UC4---0dc42--document-ID-and-its-status-chromium\\test-failed-1.png"
                        },
                        {
                          "name": "video",
                          "contentType": "video/webm",
                          "path": "C:\\Playwright_Automation\\test-results\\srs-material-request-UC4---0dc42--document-ID-and-its-status-chromium\\video.webm"
                        },
                        {
                          "name": "error-context",
                          "contentType": "text/markdown",
                          "path": "C:\\Playwright_Automation\\test-results\\srs-material-request-UC4---0dc42--document-ID-and-its-status-chromium\\error-context.md"
                        }
                      ],
                      "errorLocation": {
                        "file": "C:\\Playwright_Automation\\Shamel\\srs-material-request.spec.ts",
                        "column": 23,
                        "line": 182
                      }
                    }
                  ],
                  "status": "unexpected"
                }
              ],
              "id": "de92fb1d85d71b706891-05b4eeaeb07040291459",
              "file": "srs-material-request.spec.ts",
              "line": 178,
              "column": 7
            },
            {
              "title": "A submitted Material Request cannot be edited or deleted",
              "ok": false,
              "tags": [],
              "tests": [
                {
                  "timeout": 240000,
                  "annotations": [
                    {
                      "type": "SRS",
                      "description": "UC4/FA: submitted document is read-only (TC-DT, TC-FA)",
                      "location": {
                        "file": "C:\\Playwright_Automation\\Shamel\\srs-material-request.spec.ts",
                        "line": 186,
                        "column": 7
                      }
                    }
                  ],
                  "expectedStatus": "passed",
                  "projectId": "chromium",
                  "projectName": "chromium",
                  "results": [
                    {
                      "workerIndex": 14,
                      "parallelIndex": 1,
                      "status": "failed",
                      "duration": 117416,
                      "error": {
                        "message": "Error: \u001b[2mexpect(\u001b[22m\u001b[31mlocator\u001b[39m\u001b[2m).\u001b[22mtoBeDisabled\u001b[2m(\u001b[22m\u001b[2m)\u001b[22m failed\n\nLocator:  getByRole('main').locator('//h3[normalize-space(.)=\"Items Record\"]/../..').locator('input[type=number]').first()\nExpected: disabled\nReceived: enabled\nTimeout:  15000ms\n\nCall log:\n\u001b[2m  - Expect \"soft toBeDisabled\" getByRole('main').locator('//h3[normalize-space(.)=\"Items Record\"]/../..').locator('input[type=number]').first() with timeout 15000ms\u001b[22m\n\u001b[2m  - waiting for getByRole('main').locator('//h3[normalize-space(.)=\"Items Record\"]/../..').locator('input[type=number]').first()\u001b[22m\n\u001b[2m    32 × locator resolved to <input type=\"number\" placeholder=\"0\" data-v-9bbef77e=\"\" class=\"id-uom-input\"/>\u001b[22m\n\u001b[2m       - unexpected value \"enabled\"\u001b[22m\n",
                        "stack": "Error: \u001b[2mexpect(\u001b[22m\u001b[31mlocator\u001b[39m\u001b[2m).\u001b[22mtoBeDisabled\u001b[2m(\u001b[22m\u001b[2m)\u001b[22m failed\n\nLocator:  getByRole('main').locator('//h3[normalize-space(.)=\"Items Record\"]/../..').locator('input[type=number]').first()\nExpected: disabled\nReceived: enabled\nTimeout:  15000ms\n\nCall log:\n\u001b[2m  - Expect \"soft toBeDisabled\" getByRole('main').locator('//h3[normalize-space(.)=\"Items Record\"]/../..').locator('input[type=number]').first() with timeout 15000ms\u001b[22m\n\u001b[2m  - waiting for getByRole('main').locator('//h3[normalize-space(.)=\"Items Record\"]/../..').locator('input[type=number]').first()\u001b[22m\n\u001b[2m    32 × locator resolved to <input type=\"number\" placeholder=\"0\" data-v-9bbef77e=\"\" class=\"id-uom-input\"/>\u001b[22m\n\u001b[2m       - unexpected value \"enabled\"\u001b[22m\n\n    at C:\\Playwright_Automation\\Shamel\\srs-material-request.spec.ts:189:42",
                        "location": {
                          "file": "C:\\Playwright_Automation\\Shamel\\srs-material-request.spec.ts",
                          "column": 42,
                          "line": 189
                        },
                        "snippet": "  187 |     const doc = await submittedMR('Purchase', 1);\n  188 |     await mrPage.gotoDetails(doc.name);\n> 189 |     await expect.soft(mrPage.row(0).qty).toBeDisabled();\n      |                                          ^\n  190 |     await expect.soft(mrPage.items.getByRole('button', { name: 'Add Item' })).toBeHidden();\n  191 |     await expect.soft(page.getByRole('button', { name: 'Delete' })).toBeHidden();\n  192 |     await expect.soft(page.getByRole('button', { name: 'Get Items from' })).toBeHidden();"
                      },
                      "errors": [
                        {
                          "location": {
                            "file": "C:\\Playwright_Automation\\Shamel\\srs-material-request.spec.ts",
                            "column": 42,
                            "line": 189
                          },
                          "message": "Error: \u001b[2mexpect(\u001b[22m\u001b[31mlocator\u001b[39m\u001b[2m).\u001b[22mtoBeDisabled\u001b[2m(\u001b[22m\u001b[2m)\u001b[22m failed\n\nLocator:  getByRole('main').locator('//h3[normalize-space(.)=\"Items Record\"]/../..').locator('input[type=number]').first()\nExpected: disabled\nReceived: enabled\nTimeout:  15000ms\n\nCall log:\n\u001b[2m  - Expect \"soft toBeDisabled\" getByRole('main').locator('//h3[normalize-space(.)=\"Items Record\"]/../..').locator('input[type=number]').first() with timeout 15000ms\u001b[22m\n\u001b[2m  - waiting for getByRole('main').locator('//h3[normalize-space(.)=\"Items Record\"]/../..').locator('input[type=number]').first()\u001b[22m\n\u001b[2m    32 × locator resolved to <input type=\"number\" placeholder=\"0\" data-v-9bbef77e=\"\" class=\"id-uom-input\"/>\u001b[22m\n\u001b[2m       - unexpected value \"enabled\"\u001b[22m\n\n\n  187 |     const doc = await submittedMR('Purchase', 1);\n  188 |     await mrPage.gotoDetails(doc.name);\n> 189 |     await expect.soft(mrPage.row(0).qty).toBeDisabled();\n      |                                          ^\n  190 |     await expect.soft(mrPage.items.getByRole('button', { name: 'Add Item' })).toBeHidden();\n  191 |     await expect.soft(page.getByRole('button', { name: 'Delete' })).toBeHidden();\n  192 |     await expect.soft(page.getByRole('button', { name: 'Get Items from' })).toBeHidden();\n    at C:\\Playwright_Automation\\Shamel\\srs-material-request.spec.ts:189:42"
                        },
                        {
                          "location": {
                            "file": "C:\\Playwright_Automation\\Shamel\\srs-material-request.spec.ts",
                            "column": 79,
                            "line": 190
                          },
                          "message": "Error: \u001b[2mexpect(\u001b[22m\u001b[31mlocator\u001b[39m\u001b[2m).\u001b[22mtoBeHidden\u001b[2m(\u001b[22m\u001b[2m)\u001b[22m failed\n\nLocator:  getByRole('main').locator('//h3[normalize-space(.)=\"Items Record\"]/../..').getByRole('button', { name: 'Add Item' })\nExpected: hidden\nReceived: visible\nTimeout:  15000ms\n\nCall log:\n\u001b[2m  - Expect \"soft toBeHidden\" getByRole('main').locator('//h3[normalize-space(.)=\"Items Record\"]/../..').getByRole('button', { name: 'Add Item' }) with timeout 15000ms\u001b[22m\n\u001b[2m  - waiting for getByRole('main').locator('//h3[normalize-space(.)=\"Items Record\"]/../..').getByRole('button', { name: 'Add Item' })\u001b[22m\n\u001b[2m    32 × locator resolved to <button data-v-7c2928d9=\"\" class=\"id-uom-add-btn\">…</button>\u001b[22m\n\u001b[2m       - unexpected value \"visible\"\u001b[22m\n\n\n  188 |     await mrPage.gotoDetails(doc.name);\n  189 |     await expect.soft(mrPage.row(0).qty).toBeDisabled();\n> 190 |     await expect.soft(mrPage.items.getByRole('button', { name: 'Add Item' })).toBeHidden();\n      |                                                                               ^\n  191 |     await expect.soft(page.getByRole('button', { name: 'Delete' })).toBeHidden();\n  192 |     await expect.soft(page.getByRole('button', { name: 'Get Items from' })).toBeHidden();\n  193 |     expect(test.info().errors).toHaveLength(0);\n    at C:\\Playwright_Automation\\Shamel\\srs-material-request.spec.ts:190:79"
                        },
                        {
                          "location": {
                            "file": "C:\\Playwright_Automation\\Shamel\\srs-material-request.spec.ts",
                            "column": 69,
                            "line": 191
                          },
                          "message": "Error: \u001b[2mexpect(\u001b[22m\u001b[31mlocator\u001b[39m\u001b[2m).\u001b[22mtoBeHidden\u001b[2m(\u001b[22m\u001b[2m)\u001b[22m failed\n\nLocator:  getByRole('button', { name: 'Delete' })\nExpected: hidden\nReceived: visible\nTimeout:  15000ms\n\nCall log:\n\u001b[2m  - Expect \"soft toBeHidden\" getByRole('button', { name: 'Delete' }) with timeout 15000ms\u001b[22m\n\u001b[2m  - waiting for getByRole('button', { name: 'Delete' })\u001b[22m\n\u001b[2m    32 × locator resolved to <button title=\"Delete\" class=\"cd-tool-btn\" data-action=\"delete\">…</button>\u001b[22m\n\u001b[2m       - unexpected value \"visible\"\u001b[22m\n\n\n  189 |     await expect.soft(mrPage.row(0).qty).toBeDisabled();\n  190 |     await expect.soft(mrPage.items.getByRole('button', { name: 'Add Item' })).toBeHidden();\n> 191 |     await expect.soft(page.getByRole('button', { name: 'Delete' })).toBeHidden();\n      |                                                                     ^\n  192 |     await expect.soft(page.getByRole('button', { name: 'Get Items from' })).toBeHidden();\n  193 |     expect(test.info().errors).toHaveLength(0);\n  194 |   });\n    at C:\\Playwright_Automation\\Shamel\\srs-material-request.spec.ts:191:69"
                        },
                        {
                          "location": {
                            "file": "C:\\Playwright_Automation\\Shamel\\srs-material-request.spec.ts",
                            "column": 77,
                            "line": 192
                          },
                          "message": "Error: \u001b[2mexpect(\u001b[22m\u001b[31mlocator\u001b[39m\u001b[2m).\u001b[22mtoBeHidden\u001b[2m(\u001b[22m\u001b[2m)\u001b[22m failed\n\nLocator:  getByRole('button', { name: 'Get Items from' })\nExpected: hidden\nReceived: visible\nTimeout:  15000ms\n\nCall log:\n\u001b[2m  - Expect \"soft toBeHidden\" getByRole('button', { name: 'Get Items from' }) with timeout 15000ms\u001b[22m\n\u001b[2m  - waiting for getByRole('button', { name: 'Get Items from' })\u001b[22m\n\u001b[2m    32 × locator resolved to <button data-v-12be2133=\"\" class=\"cd-action-btn\">…</button>\u001b[22m\n\u001b[2m       - unexpected value \"visible\"\u001b[22m\n\n\n  190 |     await expect.soft(mrPage.items.getByRole('button', { name: 'Add Item' })).toBeHidden();\n  191 |     await expect.soft(page.getByRole('button', { name: 'Delete' })).toBeHidden();\n> 192 |     await expect.soft(page.getByRole('button', { name: 'Get Items from' })).toBeHidden();\n      |                                                                             ^\n  193 |     expect(test.info().errors).toHaveLength(0);\n  194 |   });\n  195 |\n    at C:\\Playwright_Automation\\Shamel\\srs-material-request.spec.ts:192:77"
                        },
                        {
                          "location": {
                            "file": "C:\\Playwright_Automation\\Shamel\\srs-material-request.spec.ts",
                            "column": 32,
                            "line": 193
                          },
                          "message": "Error: \u001b[2mexpect(\u001b[22m\u001b[31mreceived\u001b[39m\u001b[2m).\u001b[22mtoHaveLength\u001b[2m(\u001b[22m\u001b[32mexpected\u001b[39m\u001b[2m)\u001b[22m\n\nExpected length: \u001b[32m0\u001b[39m\nReceived length: \u001b[31m4\u001b[39m\nReceived array:  \u001b[31m[{\"cause\": undefined, \"errorContext\": \"- spinbutton \\\"0\\\": \\\"1\\\"\", \"message\": \"Error: \u001b[2mexpect(\u001b[22m\u001b[31mlocator\u001b[39m\u001b[31m\u001b[2m).\u001b[22mtoBeDisabled\u001b[2m(\u001b[22m\u001b[2m)\u001b[22m failed·\u001b[39m\n\u001b[31mLocator:  getByRole('main').locator('//h3[normalize-space(.)=\\\"Items Record\\\"]/../..').locator('input[type=number]').first()\u001b[39m\n\u001b[31mExpected: disabled\u001b[39m\n\u001b[31mReceived: enabled\u001b[39m\n\u001b[31mTimeout:  15000ms·\u001b[39m\n\u001b[31mCall log:\u001b[39m\n\u001b[31m\u001b[2m  - Expect \\\"soft toBeDisabled\\\" getByRole('main').locator('//h3[normalize-space(.)=\\\"Items Record\\\"]/../..').locator('input[type=number]').first() with timeout 15000ms\u001b[22m\u001b[39m\n\u001b[31m\u001b[2m  - waiting for getByRole('main').locator('//h3[normalize-space(.)=\\\"Items Record\\\"]/../..').locator('input[type=number]').first()\u001b[22m\u001b[39m\n\u001b[31m\u001b[2m    32 × locator resolved to <input type=\\\"number\\\" placeholder=\\\"0\\\" data-v-9bbef77e=\\\"\\\" class=\\\"id-uom-input\\\"/>\u001b[22m\u001b[39m\n\u001b[31m\u001b[2m       - unexpected value \\\"enabled\\\"\u001b[22m\u001b[39m\n\u001b[31m\", \"stack\": \"Error: \u001b[2mexpect(\u001b[22m\u001b[31mlocator\u001b[39m\u001b[31m\u001b[2m).\u001b[22mtoBeDisabled\u001b[2m(\u001b[22m\u001b[2m)\u001b[22m failed·\u001b[39m\n\u001b[31mLocator:  getByRole('main').locator('//h3[normalize-space(.)=\\\"Items Record\\\"]/../..').locator('input[type=number]').first()\u001b[39m\n\u001b[31mExpected: disabled\u001b[39m\n\u001b[31mReceived: enabled\u001b[39m\n\u001b[31mTimeout:  15000ms·\u001b[39m\n\u001b[31mCall log:\u001b[39m\n\u001b[31m\u001b[2m  - Expect \\\"soft toBeDisabled\\\" getByRole('main').locator('//h3[normalize-space(.)=\\\"Items Record\\\"]/../..').locator('input[type=number]').first() with timeout 15000ms\u001b[22m\u001b[39m\n\u001b[31m\u001b[2m  - waiting for getByRole('main').locator('//h3[normalize-space(.)=\\\"Items Record\\\"]/../..').locator('input[type=number]').first()\u001b[22m\u001b[39m\n\u001b[31m\u001b[2m    32 × locator resolved to <input type=\\\"number\\\" placeholder=\\\"0\\\" data-v-9bbef77e=\\\"\\\" class=\\\"id-uom-input\\\"/>\u001b[22m\u001b[39m\n\u001b[31m\u001b[2m       - unexpected value \\\"enabled\\\"\u001b[22m·\u001b[39m\n\u001b[31m    at C:\\\\Playwright_Automation\\\\Shamel\\\\srs-material-request.spec.ts:189:42\"}, {\"cause\": undefined, \"errorContext\": \"- button \\\"Add Item\\\":\u001b[39m\n\u001b[31m  - img\u001b[39m\n\u001b[31m  - text: Add Item\", \"message\": \"Error: \u001b[2mexpect(\u001b[22m\u001b[31mlocator\u001b[39m\u001b[31m\u001b[2m).\u001b[22mtoBeHidden\u001b[2m(\u001b[22m\u001b[2m)\u001b[22m failed·\u001b[39m\n\u001b[31mLocator:  getByRole('main').locator('//h3[normalize-space(.)=\\\"Items Record\\\"]/../..').getByRole('button', { name: 'Add Item' })\u001b[39m\n\u001b[31mExpected: hidden\u001b[39m\n\u001b[31mReceived: visible\u001b[39m\n\u001b[31mTimeout:  15000ms·\u001b[39m\n\u001b[31mCall log:\u001b[39m\n\u001b[31m\u001b[2m  - Expect \\\"soft toBeHidden\\\" getByRole('main').locator('//h3[normalize-space(.)=\\\"Items Record\\\"]/../..').getByRole('button', { name: 'Add Item' }) with timeout 15000ms\u001b[22m\u001b[39m\n\u001b[31m\u001b[2m  - waiting for getByRole('main').locator('//h3[normalize-space(.)=\\\"Items Record\\\"]/../..').getByRole('button', { name: 'Add Item' })\u001b[22m\u001b[39m\n\u001b[31m\u001b[2m    32 × locator resolved to <button data-v-7c2928d9=\\\"\\\" class=\\\"id-uom-add-btn\\\">…</button>\u001b[22m\u001b[39m\n\u001b[31m\u001b[2m       - unexpected value \\\"visible\\\"\u001b[22m\u001b[39m\n\u001b[31m\", \"stack\": \"Error: \u001b[2mexpect(\u001b[22m\u001b[31mlocator\u001b[39m\u001b[31m\u001b[2m).\u001b[22mtoBeHidden\u001b[2m(\u001b[22m\u001b[2m)\u001b[22m failed·\u001b[39m\n\u001b[31mLocator:  getByRole('main').locator('//h3[normalize-space(.)=\\\"Items Record\\\"]/../..').getByRole('button', { name: 'Add Item' })\u001b[39m\n\u001b[31mExpected: hidden\u001b[39m\n\u001b[31mReceived: visible\u001b[39m\n\u001b[31mTimeout:  15000ms·\u001b[39m\n\u001b[31mCall log:\u001b[39m\n\u001b[31m\u001b[2m  - Expect \\\"soft toBeHidden\\\" getByRole('main').locator('//h3[normalize-space(.)=\\\"Items Record\\\"]/../..').getByRole('button', { name: 'Add Item' }) with timeout 15000ms\u001b[22m\u001b[39m\n\u001b[31m\u001b[2m  - waiting for getByRole('main').locator('//h3[normalize-space(.)=\\\"Items Record\\\"]/../..').getByRole('button', { name: 'Add Item' })\u001b[22m\u001b[39m\n\u001b[31m\u001b[2m    32 × locator resolved to <button data-v-7c2928d9=\\\"\\\" class=\\\"id-uom-add-btn\\\">…</button>\u001b[22m\u001b[39m\n\u001b[31m\u001b[2m       - unexpected value \\\"visible\\\"\u001b[22m·\u001b[39m\n\u001b[31m    at C:\\\\Playwright_Automation\\\\Shamel\\\\srs-material-request.spec.ts:190:79\"}, {\"cause\": undefined, \"errorContext\": \"- button \\\"Delete\\\":\u001b[39m\n\u001b[31m  - img\", \"message\": \"Error: \u001b[2mexpect(\u001b[22m\u001b[31mlocator\u001b[39m\u001b[31m\u001b[2m).\u001b[22mtoBeHidden\u001b[2m(\u001b[22m\u001b[2m)\u001b[22m failed·\u001b[39m\n\u001b[31mLocator:  getByRole('button', { name: 'Delete' })\u001b[39m\n\u001b[31mExpected: hidden\u001b[39m\n\u001b[31mReceived: visible\u001b[39m\n\u001b[31mTimeout:  15000ms·\u001b[39m\n\u001b[31mCall log:\u001b[39m\n\u001b[31m\u001b[2m  - Expect \\\"soft toBeHidden\\\" getByRole('button', { name: 'Delete' }) with timeout 15000ms\u001b[22m\u001b[39m\n\u001b[31m\u001b[2m  - waiting for getByRole('button', { name: 'Delete' })\u001b[22m\u001b[39m\n\u001b[31m\u001b[2m    32 × locator resolved to <button title=\\\"Delete\\\" class=\\\"cd-tool-btn\\\" data-action=\\\"delete\\\">…</button>\u001b[22m\u001b[39m\n\u001b[31m\u001b[2m       - unexpected value \\\"visible\\\"\u001b[22m\u001b[39m\n\u001b[31m\", \"stack\": \"Error: \u001b[2mexpect(\u001b[22m\u001b[31mlocator\u001b[39m\u001b[31m\u001b[2m).\u001b[22mtoBeHidden\u001b[2m(\u001b[22m\u001b[2m)\u001b[22m failed·\u001b[39m\n\u001b[31mLocator:  getByRole('button', { name: 'Delete' })\u001b[39m\n\u001b[31mExpected: hidden\u001b[39m\n\u001b[31mReceived: visible\u001b[39m\n\u001b[31mTimeout:  15000ms·\u001b[39m\n\u001b[31mCall log:\u001b[39m\n\u001b[31m\u001b[2m  - Expect \\\"soft toBeHidden\\\" getByRole('button', { name: 'Delete' }) with timeout 15000ms\u001b[22m\u001b[39m\n\u001b[31m\u001b[2m  - waiting for getByRole('button', { name: 'Delete' })\u001b[22m\u001b[39m\n\u001b[31m\u001b[2m    32 × locator resolved to <button title=\\\"Delete\\\" class=\\\"cd-tool-btn\\\" data-action=\\\"delete\\\">…</button>\u001b[22m\u001b[39m\n\u001b[31m\u001b[2m       - unexpected value \\\"visible\\\"\u001b[22m·\u001b[39m\n\u001b[31m    at C:\\\\Playwright_Automation\\\\Shamel\\\\srs-material-request.spec.ts:191:69\"}, {\"cause\": undefined, \"errorContext\": \"- button \\\"Get Items from\\\":\u001b[39m\n\u001b[31m  - img\u001b[39m\n\u001b[31m  - text: Get Items from\", \"message\": \"Error: \u001b[2mexpect(\u001b[22m\u001b[31mlocator\u001b[39m\u001b[31m\u001b[2m).\u001b[22mtoBeHidden\u001b[2m(\u001b[22m\u001b[2m)\u001b[22m failed·\u001b[39m\n\u001b[31mLocator:  getByRole('button', { name: 'Get Items from' })\u001b[39m\n\u001b[31mExpected: hidden\u001b[39m\n\u001b[31mReceived: visible\u001b[39m\n\u001b[31mTimeout:  15000ms·\u001b[39m\n\u001b[31mCall log:\u001b[39m\n\u001b[31m\u001b[2m  - Expect \\\"soft toBeHidden\\\" getByRole('button', { name: 'Get Items from' }) with timeout 15000ms\u001b[22m\u001b[39m\n\u001b[31m\u001b[2m  - waiting for getByRole('button', { name: 'Get Items from' })\u001b[22m\u001b[39m\n\u001b[31m\u001b[2m    32 × locator resolved to <button data-v-12be2133=\\\"\\\" class=\\\"cd-action-btn\\\">…</button>\u001b[22m\u001b[39m\n\u001b[31m\u001b[2m       - unexpected value \\\"visible\\\"\u001b[22m\u001b[39m\n\u001b[31m\", \"stack\": \"Error: \u001b[2mexpect(\u001b[22m\u001b[31mlocator\u001b[39m\u001b[31m\u001b[2m).\u001b[22mtoBeHidden\u001b[2m(\u001b[22m\u001b[2m)\u001b[22m failed·\u001b[39m\n\u001b[31mLocator:  getByRole('button', { name: 'Get Items from' })\u001b[39m\n\u001b[31mExpected: hidden\u001b[39m\n\u001b[31mReceived: visible\u001b[39m\n\u001b[31mTimeout:  15000ms·\u001b[39m\n\u001b[31mCall log:\u001b[39m\n\u001b[31m\u001b[2m  - Expect \\\"soft toBeHidden\\\" getByRole('button', { name: 'Get Items from' }) with timeout 15000ms\u001b[22m\u001b[39m\n\u001b[31m\u001b[2m  - waiting for getByRole('button', { name: 'Get Items from' })\u001b[22m\u001b[39m\n\u001b[31m\u001b[2m    32 × locator resolved to <button data-v-12be2133=\\\"\\\" class=\\\"cd-action-btn\\\">…</button>\u001b[22m\u001b[39m\n\u001b[31m\u001b[2m       - unexpected value \\\"visible\\\"\u001b[22m·\u001b[39m\n\u001b[31m    at C:\\\\Playwright_Automation\\\\Shamel\\\\srs-material-request.spec.ts:192:77\"}]\u001b[39m\n\n  191 |     await expect.soft(page.getByRole('button', { name: 'Delete' })).toBeHidden();\n  192 |     await expect.soft(page.getByRole('button', { name: 'Get Items from' })).toBeHidden();\n> 193 |     expect(test.info().errors).toHaveLength(0);\n      |                                ^\n  194 |   });\n  195 |\n  196 |   test('A draft Material Request can be submitted', srs('UC2 Submit: draft shows Submit (TC-GI, TC-FA)'), async ({ page }) => {\n    at C:\\Playwright_Automation\\Shamel\\srs-material-request.spec.ts:193:32"
                        }
                      ],
                      "stdout": [],
                      "stderr": [],
                      "retry": 0,
                      "startTime": "2026-10-07T12:11:05.058Z",
                      "annotations": [
                        {
                          "type": "SRS",
                          "description": "UC4/FA: submitted document is read-only (TC-DT, TC-FA)",
                          "location": {
                            "file": "C:\\Playwright_Automation\\Shamel\\srs-material-request.spec.ts",
                            "line": 186,
                            "column": 7
                          }
                        }
                      ],
                      "attachments": [
                        {
                          "name": "screenshot",
                          "contentType": "image/png",
                          "path": "C:\\Playwright_Automation\\test-results\\srs-material-request-UC4---1f9fc-cannot-be-edited-or-deleted-chromium\\test-failed-1.png"
                        },
                        {
                          "name": "video",
                          "contentType": "video/webm",
                          "path": "C:\\Playwright_Automation\\test-results\\srs-material-request-UC4---1f9fc-cannot-be-edited-or-deleted-chromium\\video.webm"
                        },
                        {
                          "name": "error-context",
                          "contentType": "text/markdown",
                          "path": "C:\\Playwright_Automation\\test-results\\srs-material-request-UC4---1f9fc-cannot-be-edited-or-deleted-chromium\\error-context.md"
                        }
                      ],
                      "errorLocation": {
                        "file": "C:\\Playwright_Automation\\Shamel\\srs-material-request.spec.ts",
                        "column": 42,
                        "line": 189
                      }
                    }
                  ],
                  "status": "unexpected"
                }
              ],
              "id": "de92fb1d85d71b706891-53a2fe7182055df29e44",
              "file": "srs-material-request.spec.ts",
              "line": 186,
              "column": 7
            },
            {
              "title": "A draft Material Request can be submitted",
              "ok": false,
              "tags": [],
              "tests": [
                {
                  "timeout": 240000,
                  "annotations": [
                    {
                      "type": "SRS",
                      "description": "UC2 Submit: draft shows Submit (TC-GI, TC-FA)",
                      "location": {
                        "file": "C:\\Playwright_Automation\\Shamel\\srs-material-request.spec.ts",
                        "line": 196,
                        "column": 7
                      }
                    }
                  ],
                  "expectedStatus": "passed",
                  "projectId": "chromium",
                  "projectName": "chromium",
                  "results": [
                    {
                      "workerIndex": 15,
                      "parallelIndex": 0,
                      "status": "failed",
                      "duration": 57250,
                      "error": {
                        "message": "Error: \u001b[2mexpect(\u001b[22m\u001b[31mlocator\u001b[39m\u001b[2m).\u001b[22mtoBeVisible\u001b[2m(\u001b[22m\u001b[2m)\u001b[22m failed\n\nLocator: getByRole('button', { name: 'Submit', exact: true })\nExpected: visible\nTimeout: 15000ms\nError: element(s) not found\n\nCall log:\n\u001b[2m  - Expect \"toBeVisible\" getByRole('button', { name: 'Submit', exact: true }) with timeout 15000ms\u001b[22m\n\u001b[2m  - waiting for getByRole('button', { name: 'Submit', exact: true })\u001b[22m\n",
                        "stack": "Error: \u001b[2mexpect(\u001b[22m\u001b[31mlocator\u001b[39m\u001b[2m).\u001b[22mtoBeVisible\u001b[2m(\u001b[22m\u001b[2m)\u001b[22m failed\n\nLocator: getByRole('button', { name: 'Submit', exact: true })\nExpected: visible\nTimeout: 15000ms\nError: element(s) not found\n\nCall log:\n\u001b[2m  - Expect \"toBeVisible\" getByRole('button', { name: 'Submit', exact: true }) with timeout 15000ms\u001b[22m\n\u001b[2m  - waiting for getByRole('button', { name: 'Submit', exact: true })\u001b[22m\n\n    at C:\\Playwright_Automation\\Shamel\\srs-material-request.spec.ts:203:77",
                        "location": {
                          "file": "C:\\Playwright_Automation\\Shamel\\srs-material-request.spec.ts",
                          "column": 77,
                          "line": 203
                        },
                        "snippet": "  201 |     });\n  202 |     await mrPage.gotoDetails(draft.name);\n> 203 |     await expect(page.getByRole('button', { name: 'Submit', exact: true })).toBeVisible();\n      |                                                                             ^\n  204 |   });\n  205 |\n  206 |   test('Cancel on a submitted Material Request cancels the document', srs('FA Cancel: cancels the submitted document (TC-FA)'), async ({ page }) => {"
                      },
                      "errors": [
                        {
                          "location": {
                            "file": "C:\\Playwright_Automation\\Shamel\\srs-material-request.spec.ts",
                            "column": 77,
                            "line": 203
                          },
                          "message": "Error: \u001b[2mexpect(\u001b[22m\u001b[31mlocator\u001b[39m\u001b[2m).\u001b[22mtoBeVisible\u001b[2m(\u001b[22m\u001b[2m)\u001b[22m failed\n\nLocator: getByRole('button', { name: 'Submit', exact: true })\nExpected: visible\nTimeout: 15000ms\nError: element(s) not found\n\nCall log:\n\u001b[2m  - Expect \"toBeVisible\" getByRole('button', { name: 'Submit', exact: true }) with timeout 15000ms\u001b[22m\n\u001b[2m  - waiting for getByRole('button', { name: 'Submit', exact: true })\u001b[22m\n\n\n  201 |     });\n  202 |     await mrPage.gotoDetails(draft.name);\n> 203 |     await expect(page.getByRole('button', { name: 'Submit', exact: true })).toBeVisible();\n      |                                                                             ^\n  204 |   });\n  205 |\n  206 |   test('Cancel on a submitted Material Request cancels the document', srs('FA Cancel: cancels the submitted document (TC-FA)'), async ({ page }) => {\n    at C:\\Playwright_Automation\\Shamel\\srs-material-request.spec.ts:203:77"
                        }
                      ],
                      "stdout": [],
                      "stderr": [],
                      "retry": 0,
                      "startTime": "2026-10-07T12:11:20.141Z",
                      "annotations": [
                        {
                          "type": "SRS",
                          "description": "UC2 Submit: draft shows Submit (TC-GI, TC-FA)",
                          "location": {
                            "file": "C:\\Playwright_Automation\\Shamel\\srs-material-request.spec.ts",
                            "line": 196,
                            "column": 7
                          }
                        }
                      ],
                      "attachments": [
                        {
                          "name": "screenshot",
                          "contentType": "image/png",
                          "path": "C:\\Playwright_Automation\\test-results\\srs-material-request-UC4---19d03-al-Request-can-be-submitted-chromium\\test-failed-1.png"
                        },
                        {
                          "name": "video",
                          "contentType": "video/webm",
                          "path": "C:\\Playwright_Automation\\test-results\\srs-material-request-UC4---19d03-al-Request-can-be-submitted-chromium\\video.webm"
                        },
                        {
                          "name": "error-context",
                          "contentType": "text/markdown",
                          "path": "C:\\Playwright_Automation\\test-results\\srs-material-request-UC4---19d03-al-Request-can-be-submitted-chromium\\error-context.md"
                        }
                      ],
                      "errorLocation": {
                        "file": "C:\\Playwright_Automation\\Shamel\\srs-material-request.spec.ts",
                        "column": 77,
                        "line": 203
                      }
                    }
                  ],
                  "status": "unexpected"
                }
              ],
              "id": "de92fb1d85d71b706891-755913bbb6adcdf37fe1",
              "file": "srs-material-request.spec.ts",
              "line": 196,
              "column": 7
            },
            {
              "title": "Cancel on a submitted Material Request cancels the document",
              "ok": false,
              "tags": [],
              "tests": [
                {
                  "timeout": 240000,
                  "annotations": [
                    {
                      "type": "SRS",
                      "description": "FA Cancel: cancels the submitted document (TC-FA)",
                      "location": {
                        "file": "C:\\Playwright_Automation\\Shamel\\srs-material-request.spec.ts",
                        "line": 206,
                        "column": 7
                      }
                    }
                  ],
                  "expectedStatus": "passed",
                  "projectId": "chromium",
                  "projectName": "chromium",
                  "results": [
                    {
                      "workerIndex": 16,
                      "parallelIndex": 0,
                      "status": "failed",
                      "duration": 85446,
                      "error": {
                        "message": "Error: \u001b[2mexpect(\u001b[22m\u001b[31mreceived\u001b[39m\u001b[2m).\u001b[22mtoBe\u001b[2m(\u001b[22m\u001b[32mexpected\u001b[39m\u001b[2m) // Object.is equality\u001b[22m\n\nExpected: \u001b[32m2\u001b[39m\nReceived: \u001b[31m1\u001b[39m\n\nCall Log:\n- Timeout 60000ms exceeded while waiting on the predicate",
                        "stack": "Error: \u001b[2mexpect(\u001b[22m\u001b[31mreceived\u001b[39m\u001b[2m).\u001b[22mtoBe\u001b[2m(\u001b[22m\u001b[32mexpected\u001b[39m\u001b[2m) // Object.is equality\u001b[22m\n\nExpected: \u001b[32m2\u001b[39m\nReceived: \u001b[31m1\u001b[39m\n\nCall Log:\n- Timeout 60000ms exceeded while waiting on the predicate\n    at C:\\Playwright_Automation\\Shamel\\srs-material-request.spec.ts:212:91",
                        "location": {
                          "file": "C:\\Playwright_Automation\\Shamel\\srs-material-request.spec.ts",
                          "column": 91,
                          "line": 212
                        },
                        "snippet": "  210 |     const confirm = page.getByRole('dialog').getByRole('button', { name: /Yes|Confirm|Cancel/ });\n  211 |     if (await confirm.first().isVisible({ timeout: 5_000 }).catch(() => false)) await confirm.first().click();\n> 212 |     await expect.poll(async () => (await getMR(doc.name)).docstatus, { timeout: 60_000 }).toBe(2);\n      |                                                                                           ^\n  213 |   });\n  214 |\n  215 |   test('A cancelled Material Request shows Cancelled and is read-only', srs('FA Cancel: cancelled document state (TC-FA)'), async ({ page }) => {"
                      },
                      "errors": [
                        {
                          "location": {
                            "file": "C:\\Playwright_Automation\\Shamel\\srs-material-request.spec.ts",
                            "column": 91,
                            "line": 212
                          },
                          "message": "Error: \u001b[2mexpect(\u001b[22m\u001b[31mreceived\u001b[39m\u001b[2m).\u001b[22mtoBe\u001b[2m(\u001b[22m\u001b[32mexpected\u001b[39m\u001b[2m) // Object.is equality\u001b[22m\n\nExpected: \u001b[32m2\u001b[39m\nReceived: \u001b[31m1\u001b[39m\n\nCall Log:\n- Timeout 60000ms exceeded while waiting on the predicate\n\n  210 |     const confirm = page.getByRole('dialog').getByRole('button', { name: /Yes|Confirm|Cancel/ });\n  211 |     if (await confirm.first().isVisible({ timeout: 5_000 }).catch(() => false)) await confirm.first().click();\n> 212 |     await expect.poll(async () => (await getMR(doc.name)).docstatus, { timeout: 60_000 }).toBe(2);\n      |                                                                                           ^\n  213 |   });\n  214 |\n  215 |   test('A cancelled Material Request shows Cancelled and is read-only', srs('FA Cancel: cancelled document state (TC-FA)'), async ({ page }) => {\n    at C:\\Playwright_Automation\\Shamel\\srs-material-request.spec.ts:212:91"
                        }
                      ],
                      "stdout": [],
                      "stderr": [],
                      "retry": 0,
                      "startTime": "2026-10-07T12:12:21.771Z",
                      "annotations": [
                        {
                          "type": "SRS",
                          "description": "FA Cancel: cancels the submitted document (TC-FA)",
                          "location": {
                            "file": "C:\\Playwright_Automation\\Shamel\\srs-material-request.spec.ts",
                            "line": 206,
                            "column": 7
                          }
                        }
                      ],
                      "attachments": [
                        {
                          "name": "screenshot",
                          "contentType": "image/png",
                          "path": "C:\\Playwright_Automation\\test-results\\srs-material-request-UC4---9e487-equest-cancels-the-document-chromium\\test-failed-1.png"
                        },
                        {
                          "name": "video",
                          "contentType": "video/webm",
                          "path": "C:\\Playwright_Automation\\test-results\\srs-material-request-UC4---9e487-equest-cancels-the-document-chromium\\video.webm"
                        },
                        {
                          "name": "error-context",
                          "contentType": "text/markdown",
                          "path": "C:\\Playwright_Automation\\test-results\\srs-material-request-UC4---9e487-equest-cancels-the-document-chromium\\error-context.md"
                        }
                      ],
                      "errorLocation": {
                        "file": "C:\\Playwright_Automation\\Shamel\\srs-material-request.spec.ts",
                        "column": 91,
                        "line": 212
                      }
                    }
                  ],
                  "status": "unexpected"
                }
              ],
              "id": "de92fb1d85d71b706891-c07cb2fcb92099117f55",
              "file": "srs-material-request.spec.ts",
              "line": 206,
              "column": 7
            },
            {
              "title": "A cancelled Material Request shows Cancelled and is read-only",
              "ok": false,
              "tags": [],
              "tests": [
                {
                  "timeout": 240000,
                  "annotations": [
                    {
                      "type": "SRS",
                      "description": "FA Cancel: cancelled document state (TC-FA)",
                      "location": {
                        "file": "C:\\Playwright_Automation\\Shamel\\srs-material-request.spec.ts",
                        "line": 215,
                        "column": 7
                      }
                    }
                  ],
                  "expectedStatus": "passed",
                  "projectId": "chromium",
                  "projectName": "chromium",
                  "results": [
                    {
                      "workerIndex": 17,
                      "parallelIndex": 1,
                      "status": "failed",
                      "duration": 136478,
                      "error": {
                        "message": "Error: \u001b[2mexpect(\u001b[22m\u001b[31mreceived\u001b[39m\u001b[2m).\u001b[22mtoContain\u001b[2m(\u001b[22m\u001b[32mexpected\u001b[39m\u001b[2m) // indexOf\u001b[22m\n\nExpected substring: \u001b[32m\"Cancelled\"\u001b[39m\nReceived string:    \u001b[31m\"Welcome Administrator !·\u001b[39m\n\u001b[31mAN·\u001b[39m\n\u001b[31mAdministrator\u001b[39m\n\u001b[31madmin@example.com\u001b[39m\n\u001b[31mMaterial Request Details\u001b[39m\n\u001b[31mGet Items from\u001b[39m\n\u001b[31mDetails\u001b[39m\n\u001b[31mAdditional Information\u001b[39m\n\u001b[31mConnections\u001b[39m\n\u001b[31mBasic Information\u001b[39m\n\u001b[31mSeries *\u001b[39m\n\u001b[31mRequest Date *\u001b[39m\n\u001b[31mPurpose *\u001b[39m\n\u001b[31mPrice List *\u001b[39m\n\u001b[31mRequired Before *\u001b[39m\n\u001b[31mItems\u001b[39m\n\u001b[31mScan Barcode\u001b[39m\n\u001b[31mSet Warehouse\u001b[39m\n\u001b[31mItems Record\u001b[39m\n\u001b[31mAdd Item\u001b[39m\n\u001b[31m\tItem Code\tRequired Before\tQuantity\tWarehouse\tUOM···············\u001b[39m\n\u001b[31mCancel\u001b[39m\n\u001b[31mSave\"\u001b[39m",
                        "stack": "Error: \u001b[2mexpect(\u001b[22m\u001b[31mreceived\u001b[39m\u001b[2m).\u001b[22mtoContain\u001b[2m(\u001b[22m\u001b[32mexpected\u001b[39m\u001b[2m) // indexOf\u001b[22m\n\nExpected substring: \u001b[32m\"Cancelled\"\u001b[39m\nReceived string:    \u001b[31m\"Welcome Administrator !·\u001b[39m\n\u001b[31mAN·\u001b[39m\n\u001b[31mAdministrator\u001b[39m\n\u001b[31madmin@example.com\u001b[39m\n\u001b[31mMaterial Request Details\u001b[39m\n\u001b[31mGet Items from\u001b[39m\n\u001b[31mDetails\u001b[39m\n\u001b[31mAdditional Information\u001b[39m\n\u001b[31mConnections\u001b[39m\n\u001b[31mBasic Information\u001b[39m\n\u001b[31mSeries *\u001b[39m\n\u001b[31mRequest Date *\u001b[39m\n\u001b[31mPurpose *\u001b[39m\n\u001b[31mPrice List *\u001b[39m\n\u001b[31mRequired Before *\u001b[39m\n\u001b[31mItems\u001b[39m\n\u001b[31mScan Barcode\u001b[39m\n\u001b[31mSet Warehouse\u001b[39m\n\u001b[31mItems Record\u001b[39m\n\u001b[31mAdd Item\u001b[39m\n\u001b[31m\tItem Code\tRequired Before\tQuantity\tWarehouse\tUOM···············\u001b[39m\n\u001b[31mCancel\u001b[39m\n\u001b[31mSave\"\u001b[39m\n    at C:\\Playwright_Automation\\Shamel\\srs-material-request.spec.ts:219:39",
                        "location": {
                          "file": "C:\\Playwright_Automation\\Shamel\\srs-material-request.spec.ts",
                          "column": 39,
                          "line": 219
                        },
                        "snippet": "  217 |     await cancel('Material Request', doc.name);\n  218 |     await mrPage.gotoDetails(doc.name);\n> 219 |     expect.soft(await mainText(page)).toContain('Cancelled');\n      |                                       ^\n  220 |     await expect.soft(mrPage.row(0).qty).toBeDisabled();\n  221 |     expect(test.info().errors).toHaveLength(0);\n  222 |   });"
                      },
                      "errors": [
                        {
                          "location": {
                            "file": "C:\\Playwright_Automation\\Shamel\\srs-material-request.spec.ts",
                            "column": 39,
                            "line": 219
                          },
                          "message": "Error: \u001b[2mexpect(\u001b[22m\u001b[31mreceived\u001b[39m\u001b[2m).\u001b[22mtoContain\u001b[2m(\u001b[22m\u001b[32mexpected\u001b[39m\u001b[2m) // indexOf\u001b[22m\n\nExpected substring: \u001b[32m\"Cancelled\"\u001b[39m\nReceived string:    \u001b[31m\"Welcome Administrator !·\u001b[39m\n\u001b[31mAN·\u001b[39m\n\u001b[31mAdministrator\u001b[39m\n\u001b[31madmin@example.com\u001b[39m\n\u001b[31mMaterial Request Details\u001b[39m\n\u001b[31mGet Items from\u001b[39m\n\u001b[31mDetails\u001b[39m\n\u001b[31mAdditional Information\u001b[39m\n\u001b[31mConnections\u001b[39m\n\u001b[31mBasic Information\u001b[39m\n\u001b[31mSeries *\u001b[39m\n\u001b[31mRequest Date *\u001b[39m\n\u001b[31mPurpose *\u001b[39m\n\u001b[31mPrice List *\u001b[39m\n\u001b[31mRequired Before *\u001b[39m\n\u001b[31mItems\u001b[39m\n\u001b[31mScan Barcode\u001b[39m\n\u001b[31mSet Warehouse\u001b[39m\n\u001b[31mItems Record\u001b[39m\n\u001b[31mAdd Item\u001b[39m\n\u001b[31m\tItem Code\tRequired Before\tQuantity\tWarehouse\tUOM···············\u001b[39m\n\u001b[31mCancel\u001b[39m\n\u001b[31mSave\"\u001b[39m\n\n  217 |     await cancel('Material Request', doc.name);\n  218 |     await mrPage.gotoDetails(doc.name);\n> 219 |     expect.soft(await mainText(page)).toContain('Cancelled');\n      |                                       ^\n  220 |     await expect.soft(mrPage.row(0).qty).toBeDisabled();\n  221 |     expect(test.info().errors).toHaveLength(0);\n  222 |   });\n    at C:\\Playwright_Automation\\Shamel\\srs-material-request.spec.ts:219:39"
                        },
                        {
                          "location": {
                            "file": "C:\\Playwright_Automation\\Shamel\\srs-material-request.spec.ts",
                            "column": 42,
                            "line": 220
                          },
                          "message": "Error: \u001b[2mexpect(\u001b[22m\u001b[31mlocator\u001b[39m\u001b[2m).\u001b[22mtoBeDisabled\u001b[2m(\u001b[22m\u001b[2m)\u001b[22m failed\n\nLocator:  getByRole('main').locator('//h3[normalize-space(.)=\"Items Record\"]/../..').locator('input[type=number]').first()\nExpected: disabled\nReceived: enabled\nTimeout:  15000ms\n\nCall log:\n\u001b[2m  - Expect \"soft toBeDisabled\" getByRole('main').locator('//h3[normalize-space(.)=\"Items Record\"]/../..').locator('input[type=number]').first() with timeout 15000ms\u001b[22m\n\u001b[2m  - waiting for getByRole('main').locator('//h3[normalize-space(.)=\"Items Record\"]/../..').locator('input[type=number]').first()\u001b[22m\n\u001b[2m    31 × locator resolved to <input type=\"number\" placeholder=\"0\" data-v-9bbef77e=\"\" class=\"id-uom-input\"/>\u001b[22m\n\u001b[2m       - unexpected value \"enabled\"\u001b[22m\n\n\n  218 |     await mrPage.gotoDetails(doc.name);\n  219 |     expect.soft(await mainText(page)).toContain('Cancelled');\n> 220 |     await expect.soft(mrPage.row(0).qty).toBeDisabled();\n      |                                          ^\n  221 |     expect(test.info().errors).toHaveLength(0);\n  222 |   });\n  223 | });\n    at C:\\Playwright_Automation\\Shamel\\srs-material-request.spec.ts:220:42"
                        },
                        {
                          "location": {
                            "file": "C:\\Playwright_Automation\\Shamel\\srs-material-request.spec.ts",
                            "column": 32,
                            "line": 221
                          },
                          "message": "Error: \u001b[2mexpect(\u001b[22m\u001b[31mreceived\u001b[39m\u001b[2m).\u001b[22mtoHaveLength\u001b[2m(\u001b[22m\u001b[32mexpected\u001b[39m\u001b[2m)\u001b[22m\n\nExpected length: \u001b[32m0\u001b[39m\nReceived length: \u001b[31m2\u001b[39m\nReceived array:  \u001b[31m[{\"cause\": undefined, \"message\": \"Error: \u001b[2mexpect(\u001b[22m\u001b[31mreceived\u001b[39m\u001b[31m\u001b[2m).\u001b[22mtoContain\u001b[2m(\u001b[22m\u001b[32mexpected\u001b[39m\u001b[31m\u001b[2m) // indexOf\u001b[22m·\u001b[39m\n\u001b[31mExpected substring: \u001b[32m\\\"Cancelled\\\"\u001b[39m\u001b[31m\u001b[39m\n\u001b[31mReceived string:    \u001b[31m\\\"Welcome Administrator !·\u001b[39m\u001b[31m\u001b[39m\n\u001b[31m\u001b[31mAN·\u001b[39m\u001b[31m\u001b[39m\n\u001b[31m\u001b[31mAdministrator\u001b[39m\u001b[31m\u001b[39m\n\u001b[31m\u001b[31madmin@example.com\u001b[39m\u001b[31m\u001b[39m\n\u001b[31m\u001b[31mMaterial Request Details\u001b[39m\u001b[31m\u001b[39m\n\u001b[31m\u001b[31mGet Items from\u001b[39m\u001b[31m\u001b[39m\n\u001b[31m\u001b[31mDetails\u001b[39m\u001b[31m\u001b[39m\n\u001b[31m\u001b[31mAdditional Information\u001b[39m\u001b[31m\u001b[39m\n\u001b[31m\u001b[31mConnections\u001b[39m\u001b[31m\u001b[39m\n\u001b[31m\u001b[31mBasic Information\u001b[39m\u001b[31m\u001b[39m\n\u001b[31m\u001b[31mSeries *\u001b[39m\u001b[31m\u001b[39m\n\u001b[31m\u001b[31mRequest Date *\u001b[39m\u001b[31m\u001b[39m\n\u001b[31m\u001b[31mPurpose *\u001b[39m\u001b[31m\u001b[39m\n\u001b[31m\u001b[31mPrice List *\u001b[39m\u001b[31m\u001b[39m\n\u001b[31m\u001b[31mRequired Before *\u001b[39m\u001b[31m\u001b[39m\n\u001b[31m\u001b[31mItems\u001b[39m\u001b[31m\u001b[39m\n\u001b[31m\u001b[31mScan Barcode\u001b[39m\u001b[31m\u001b[39m\n\u001b[31m\u001b[31mSet Warehouse\u001b[39m\u001b[31m\u001b[39m\n\u001b[31m\u001b[31mItems Record\u001b[39m\u001b[31m\u001b[39m\n\u001b[31m\u001b[31mAdd Item\u001b[39m\u001b[31m\u001b[39m\n\u001b[31m\u001b[31m\tItem Code\tRequired Before\tQuantity\tWarehouse\tUOM···············\u001b[39m\u001b[31m\u001b[39m\n\u001b[31m\u001b[31mCancel\u001b[39m\u001b[31m\u001b[39m\n\u001b[31m\u001b[31mSave\\\"\u001b[39m\u001b[31m\", \"stack\": \"Error: \u001b[2mexpect(\u001b[22m\u001b[31mreceived\u001b[39m\u001b[31m\u001b[2m).\u001b[22mtoContain\u001b[2m(\u001b[22m\u001b[32mexpected\u001b[39m\u001b[31m\u001b[2m) // indexOf\u001b[22m·\u001b[39m\n\u001b[31mExpected substring: \u001b[32m\\\"Cancelled\\\"\u001b[39m\u001b[31m\u001b[39m\n\u001b[31mReceived string:    \u001b[31m\\\"Welcome Administrator !·\u001b[39m\u001b[31m\u001b[39m\n\u001b[31m\u001b[31mAN·\u001b[39m\u001b[31m\u001b[39m\n\u001b[31m\u001b[31mAdministrator\u001b[39m\u001b[31m\u001b[39m\n\u001b[31m\u001b[31madmin@example.com\u001b[39m\u001b[31m\u001b[39m\n\u001b[31m\u001b[31mMaterial Request Details\u001b[39m\u001b[31m\u001b[39m\n\u001b[31m\u001b[31mGet Items from\u001b[39m\u001b[31m\u001b[39m\n\u001b[31m\u001b[31mDetails\u001b[39m\u001b[31m\u001b[39m\n\u001b[31m\u001b[31mAdditional Information\u001b[39m\u001b[31m\u001b[39m\n\u001b[31m\u001b[31mConnections\u001b[39m\u001b[31m\u001b[39m\n\u001b[31m\u001b[31mBasic Information\u001b[39m\u001b[31m\u001b[39m\n\u001b[31m\u001b[31mSeries *\u001b[39m\u001b[31m\u001b[39m\n\u001b[31m\u001b[31mRequest Date *\u001b[39m\u001b[31m\u001b[39m\n\u001b[31m\u001b[31mPurpose *\u001b[39m\u001b[31m\u001b[39m\n\u001b[31m\u001b[31mPrice List *\u001b[39m\u001b[31m\u001b[39m\n\u001b[31m\u001b[31mRequired Before *\u001b[39m\u001b[31m\u001b[39m\n\u001b[31m\u001b[31mItems\u001b[39m\u001b[31m\u001b[39m\n\u001b[31m\u001b[31mScan Barcode\u001b[39m\u001b[31m\u001b[39m\n\u001b[31m\u001b[31mSet Warehouse\u001b[39m\u001b[31m\u001b[39m\n\u001b[31m\u001b[31mItems Record\u001b[39m\u001b[31m\u001b[39m\n\u001b[31m\u001b[31mAdd Item\u001b[39m\u001b[31m\u001b[39m\n\u001b[31m\u001b[31m\tItem Code\tRequired Before\tQuantity\tWarehouse\tUOM···············\u001b[39m\u001b[31m\u001b[39m\n\u001b[31m\u001b[31mCancel\u001b[39m\u001b[31m\u001b[39m\n\u001b[31m\u001b[31mSave\\\"\u001b[39m\u001b[31m\u001b[39m\n\u001b[31m    at C:\\\\Playwright_Automation\\\\Shamel\\\\srs-material-request.spec.ts:219:39\"}, {\"cause\": undefined, \"errorContext\": \"- spinbutton \\\"0\\\": \\\"1\\\"\", \"message\": \"Error: \u001b[2mexpect(\u001b[22m\u001b[31mlocator\u001b[39m\u001b[31m\u001b[2m).\u001b[22mtoBeDisabled\u001b[2m(\u001b[22m\u001b[2m)\u001b[22m failed·\u001b[39m\n\u001b[31mLocator:  getByRole('main').locator('//h3[normalize-space(.)=\\\"Items Record\\\"]/../..').locator('input[type=number]').first()\u001b[39m\n\u001b[31mExpected: disabled\u001b[39m\n\u001b[31mReceived: enabled\u001b[39m\n\u001b[31mTimeout:  15000ms·\u001b[39m\n\u001b[31mCall log:\u001b[39m\n\u001b[31m\u001b[2m  - Expect \\\"soft toBeDisabled\\\" getByRole('main').locator('//h3[normalize-space(.)=\\\"Items Record\\\"]/../..').locator('input[type=number]').first() with timeout 15000ms\u001b[22m\u001b[39m\n\u001b[31m\u001b[2m  - waiting for getByRole('main').locator('//h3[normalize-space(.)=\\\"Items Record\\\"]/../..').locator('input[type=number]').first()\u001b[22m\u001b[39m\n\u001b[31m\u001b[2m    31 × locator resolved to <input type=\\\"number\\\" placeholder=\\\"0\\\" data-v-9bbef77e=\\\"\\\" class=\\\"id-uom-input\\\"/>\u001b[22m\u001b[39m\n\u001b[31m\u001b[2m       - unexpected value \\\"enabled\\\"\u001b[22m\u001b[39m\n\u001b[31m\", \"stack\": \"Error: \u001b[2mexpect(\u001b[22m\u001b[31mlocator\u001b[39m\u001b[31m\u001b[2m).\u001b[22mtoBeDisabled\u001b[2m(\u001b[22m\u001b[2m)\u001b[22m failed·\u001b[39m\n\u001b[31mLocator:  getByRole('main').locator('//h3[normalize-space(.)=\\\"Items Record\\\"]/../..').locator('input[type=number]').first()\u001b[39m\n\u001b[31mExpected: disabled\u001b[39m\n\u001b[31mReceived: enabled\u001b[39m\n\u001b[31mTimeout:  15000ms·\u001b[39m\n\u001b[31mCall log:\u001b[39m\n\u001b[31m\u001b[2m  - Expect \\\"soft toBeDisabled\\\" getByRole('main').locator('//h3[normalize-space(.)=\\\"Items Record\\\"]/../..').locator('input[type=number]').first() with timeout 15000ms\u001b[22m\u001b[39m\n\u001b[31m\u001b[2m  - waiting for getByRole('main').locator('//h3[normalize-space(.)=\\\"Items Record\\\"]/../..').locator('input[type=number]').first()\u001b[22m\u001b[39m\n\u001b[31m\u001b[2m    31 × locator resolved to <input type=\\\"number\\\" placeholder=\\\"0\\\" data-v-9bbef77e=\\\"\\\" class=\\\"id-uom-input\\\"/>\u001b[22m\u001b[39m\n\u001b[31m\u001b[2m       - unexpected value \\\"enabled\\\"\u001b[22m·\u001b[39m\n\u001b[31m    at C:\\\\Playwright_Automation\\\\Shamel\\\\srs-material-request.spec.ts:220:42\"}]\u001b[39m\n\n  219 |     expect.soft(await mainText(page)).toContain('Cancelled');\n  220 |     await expect.soft(mrPage.row(0).qty).toBeDisabled();\n> 221 |     expect(test.info().errors).toHaveLength(0);\n      |                                ^\n  222 |   });\n  223 | });\n  224 |\n    at C:\\Playwright_Automation\\Shamel\\srs-material-request.spec.ts:221:32"
                        }
                      ],
                      "stdout": [],
                      "stderr": [],
                      "retry": 0,
                      "startTime": "2026-10-07T12:13:04.755Z",
                      "annotations": [
                        {
                          "type": "SRS",
                          "description": "FA Cancel: cancelled document state (TC-FA)",
                          "location": {
                            "file": "C:\\Playwright_Automation\\Shamel\\srs-material-request.spec.ts",
                            "line": 215,
                            "column": 7
                          }
                        }
                      ],
                      "attachments": [
                        {
                          "name": "screenshot",
                          "contentType": "image/png",
                          "path": "C:\\Playwright_Automation\\test-results\\srs-material-request-UC4---658c7--Cancelled-and-is-read-only-chromium\\test-failed-1.png"
                        },
                        {
                          "name": "video",
                          "contentType": "video/webm",
                          "path": "C:\\Playwright_Automation\\test-results\\srs-material-request-UC4---658c7--Cancelled-and-is-read-only-chromium\\video.webm"
                        },
                        {
                          "name": "error-context",
                          "contentType": "text/markdown",
                          "path": "C:\\Playwright_Automation\\test-results\\srs-material-request-UC4---658c7--Cancelled-and-is-read-only-chromium\\error-context.md"
                        }
                      ],
                      "errorLocation": {
                        "file": "C:\\Playwright_Automation\\Shamel\\srs-material-request.spec.ts",
                        "column": 39,
                        "line": 219
                      }
                    }
                  ],
                  "status": "unexpected"
                }
              ],
              "id": "de92fb1d85d71b706891-697047772104b11465fd",
              "file": "srs-material-request.spec.ts",
              "line": 215,
              "column": 7
            }
          ]
        },
        {
          "title": "UC3 - More Info: status and % Ordered",
          "file": "srs-material-request.spec.ts",
          "line": 225,
          "column": 6,
          "specs": [
            {
              "title": "A new submitted Purchase request is Pending with 0% ordered",
              "ok": false,
              "tags": [],
              "tests": [
                {
                  "timeout": 240000,
                  "annotations": [
                    {
                      "type": "SRS",
                      "description": "UC3 Status/% Ordered (TC-MI)",
                      "location": {
                        "file": "C:\\Playwright_Automation\\Shamel\\srs-material-request.spec.ts",
                        "line": 226,
                        "column": 7
                      }
                    }
                  ],
                  "expectedStatus": "passed",
                  "projectId": "chromium",
                  "projectName": "chromium",
                  "results": [
                    {
                      "workerIndex": 18,
                      "parallelIndex": 0,
                      "status": "failed",
                      "duration": 55992,
                      "error": {
                        "message": "Error: page.goto: Target page, context or browser has been closed",
                        "stack": "Error: page.goto: Target page, context or browser has been closed\n    at MaterialRequestPage.open (C:\\Playwright_Automation\\Shamel\\pages\\MaterialRequestPage.ts:21:21)\n    at MaterialRequestPage.gotoDetails (C:\\Playwright_Automation\\Shamel\\pages\\MaterialRequestPage.ts:36:16)\n    at C:\\Playwright_Automation\\Shamel\\srs-material-request.spec.ts:228:18",
                        "location": {
                          "file": "C:\\Playwright_Automation\\Shamel\\pages\\MaterialRequestPage.ts",
                          "column": 21,
                          "line": 21
                        },
                        "snippet": "\u001b[90m   at \u001b[39mpages\\MaterialRequestPage.ts:21\n\n  19 |   /** The app ignores hash-only URL changes, so always load from scratch. */\n  20 |   private async open(hash: string) {\n> 21 |     await this.page.goto('about:blank');\n     |                     ^\n  22 |     await this.page.goto(`/desk/shamel#/inventory/${hash}`, LOAD);\n  23 |   }\n  24 |"
                      },
                      "errors": [
                        {
                          "location": {
                            "file": "C:\\Playwright_Automation\\Shamel\\pages\\MaterialRequestPage.ts",
                            "column": 21,
                            "line": 21
                          },
                          "message": "Error: page.goto: Target page, context or browser has been closed\n\n   at pages\\MaterialRequestPage.ts:21\n\n  19 |   /** The app ignores hash-only URL changes, so always load from scratch. */\n  20 |   private async open(hash: string) {\n> 21 |     await this.page.goto('about:blank');\n     |                     ^\n  22 |     await this.page.goto(`/desk/shamel#/inventory/${hash}`, LOAD);\n  23 |   }\n  24 |\n    at MaterialRequestPage.open (C:\\Playwright_Automation\\Shamel\\pages\\MaterialRequestPage.ts:21:21)\n    at MaterialRequestPage.gotoDetails (C:\\Playwright_Automation\\Shamel\\pages\\MaterialRequestPage.ts:36:16)\n    at C:\\Playwright_Automation\\Shamel\\srs-material-request.spec.ts:228:18"
                        }
                      ],
                      "stdout": [],
                      "stderr": [],
                      "retry": 0,
                      "startTime": "2026-10-07T12:13:48.957Z",
                      "annotations": [
                        {
                          "type": "SRS",
                          "description": "UC3 Status/% Ordered (TC-MI)",
                          "location": {
                            "file": "C:\\Playwright_Automation\\Shamel\\srs-material-request.spec.ts",
                            "line": 226,
                            "column": 7
                          }
                        }
                      ],
                      "attachments": [
                        {
                          "name": "video",
                          "contentType": "video/webm",
                          "path": "C:\\Playwright_Automation\\test-results\\srs-material-request-UC3---0d086-t-is-Pending-with-0-ordered-chromium\\video.webm"
                        },
                        {
                          "name": "error-context",
                          "contentType": "text/markdown",
                          "path": "C:\\Playwright_Automation\\test-results\\srs-material-request-UC3---0d086-t-is-Pending-with-0-ordered-chromium\\error-context.md"
                        }
                      ],
                      "errorLocation": {
                        "file": "C:\\Playwright_Automation\\Shamel\\pages\\MaterialRequestPage.ts",
                        "column": 21,
                        "line": 21
                      }
                    }
                  ],
                  "status": "unexpected"
                }
              ],
              "id": "de92fb1d85d71b706891-965c8777d6ab3a3b76ea",
              "file": "srs-material-request.spec.ts",
              "line": 226,
              "column": 7
            },
            {
              "title": "Ordering part of the quantity gives Partially Ordered and the right %",
              "ok": false,
              "tags": [],
              "tests": [
                {
                  "timeout": 240000,
                  "annotations": [
                    {
                      "type": "SRS",
                      "description": "UC3 Status: Partially Ordered, % Ordered = ordered/requested (TC-MI)",
                      "location": {
                        "file": "C:\\Playwright_Automation\\Shamel\\srs-material-request.spec.ts",
                        "line": 232,
                        "column": 7
                      }
                    }
                  ],
                  "expectedStatus": "passed",
                  "projectId": "chromium",
                  "projectName": "chromium",
                  "results": [
                    {
                      "workerIndex": 19,
                      "parallelIndex": 0,
                      "status": "failed",
                      "duration": 231023,
                      "error": {
                        "message": "Error: \u001b[2mexpect(\u001b[22m\u001b[31mlocator\u001b[39m\u001b[2m).\u001b[22mtoHaveValue\u001b[2m(\u001b[22m\u001b[32mexpected\u001b[39m\u001b[2m)\u001b[22m failed\n\nLocator:  getByRole('main').getByText('Status', { exact: true }).first().locator('xpath=following::input[1]')\nExpected: \u001b[32m\"Partially Ordered\"\u001b[39m\nReceived: \u001b[31m\"2026\"\u001b[39m\nTimeout:  120000ms\n\nCall log:\n\u001b[2m  - Expect \"toHaveValue\" getByRole('main').getByText('Status', { exact: true }).first().locator('xpath=following::input[1]') with timeout 120000ms\u001b[22m\n\u001b[2m  - waiting for getByRole('main').getByText('Status', { exact: true }).first().locator('xpath=following::input[1]')\u001b[22m\n\u001b[2m    228 × locator resolved to <input type=\"number\" tabindex=\"-1\" aria-label=\"Year\" class=\"numInput cur-year\"/>\u001b[22m\n\u001b[2m        - unexpected value \"2026\"\u001b[22m\n",
                        "stack": "Error: \u001b[2mexpect(\u001b[22m\u001b[31mlocator\u001b[39m\u001b[2m).\u001b[22mtoHaveValue\u001b[2m(\u001b[22m\u001b[32mexpected\u001b[39m\u001b[2m)\u001b[22m failed\n\nLocator:  getByRole('main').getByText('Status', { exact: true }).first().locator('xpath=following::input[1]')\nExpected: \u001b[32m\"Partially Ordered\"\u001b[39m\nReceived: \u001b[31m\"2026\"\u001b[39m\nTimeout:  120000ms\n\nCall log:\n\u001b[2m  - Expect \"toHaveValue\" getByRole('main').getByText('Status', { exact: true }).first().locator('xpath=following::input[1]') with timeout 120000ms\u001b[22m\n\u001b[2m  - waiting for getByRole('main').getByText('Status', { exact: true }).first().locator('xpath=following::input[1]')\u001b[22m\n\u001b[2m    228 × locator resolved to <input type=\"number\" tabindex=\"-1\" aria-label=\"Year\" class=\"numInput cur-year\"/>\u001b[22m\n\u001b[2m        - unexpected value \"2026\"\u001b[22m\n\n    at MaterialRequestPage.expectStatus (C:\\Playwright_Automation\\Shamel\\pages\\MaterialRequestPage.ts:169:50)\n    at C:\\Playwright_Automation\\Shamel\\srs-material-request.spec.ts:236:5",
                        "location": {
                          "file": "C:\\Playwright_Automation\\Shamel\\pages\\MaterialRequestPage.ts",
                          "column": 50,
                          "line": 169
                        },
                        "snippet": "\u001b[90m   at \u001b[39mpages\\MaterialRequestPage.ts:169\n\n  167 |   async expectStatus(status: string, perOrdered?: string) {\n  168 |     await this.tab('Additional Information').click();\n> 169 |     await expect(this.fieldAfterLabel('Status')).toHaveValue(status, LOAD);\n      |                                                  ^\n  170 |     if (perOrdered !== undefined) await expect(this.fieldAfterLabel('% Ordered')).toHaveValue(perOrdered);\n  171 |   }\n  172 | }"
                      },
                      "errors": [
                        {
                          "location": {
                            "file": "C:\\Playwright_Automation\\Shamel\\pages\\MaterialRequestPage.ts",
                            "column": 50,
                            "line": 169
                          },
                          "message": "Error: \u001b[2mexpect(\u001b[22m\u001b[31mlocator\u001b[39m\u001b[2m).\u001b[22mtoHaveValue\u001b[2m(\u001b[22m\u001b[32mexpected\u001b[39m\u001b[2m)\u001b[22m failed\n\nLocator:  getByRole('main').getByText('Status', { exact: true }).first().locator('xpath=following::input[1]')\nExpected: \u001b[32m\"Partially Ordered\"\u001b[39m\nReceived: \u001b[31m\"2026\"\u001b[39m\nTimeout:  120000ms\n\nCall log:\n\u001b[2m  - Expect \"toHaveValue\" getByRole('main').getByText('Status', { exact: true }).first().locator('xpath=following::input[1]') with timeout 120000ms\u001b[22m\n\u001b[2m  - waiting for getByRole('main').getByText('Status', { exact: true }).first().locator('xpath=following::input[1]')\u001b[22m\n\u001b[2m    228 × locator resolved to <input type=\"number\" tabindex=\"-1\" aria-label=\"Year\" class=\"numInput cur-year\"/>\u001b[22m\n\u001b[2m        - unexpected value \"2026\"\u001b[22m\n\n\n   at pages\\MaterialRequestPage.ts:169\n\n  167 |   async expectStatus(status: string, perOrdered?: string) {\n  168 |     await this.tab('Additional Information').click();\n> 169 |     await expect(this.fieldAfterLabel('Status')).toHaveValue(status, LOAD);\n      |                                                  ^\n  170 |     if (perOrdered !== undefined) await expect(this.fieldAfterLabel('% Ordered')).toHaveValue(perOrdered);\n  171 |   }\n  172 | }\n    at MaterialRequestPage.expectStatus (C:\\Playwright_Automation\\Shamel\\pages\\MaterialRequestPage.ts:169:50)\n    at C:\\Playwright_Automation\\Shamel\\srs-material-request.spec.ts:236:5"
                        }
                      ],
                      "stdout": [],
                      "stderr": [],
                      "retry": 0,
                      "startTime": "2026-10-07T12:15:41.727Z",
                      "annotations": [
                        {
                          "type": "SRS",
                          "description": "UC3 Status: Partially Ordered, % Ordered = ordered/requested (TC-MI)",
                          "location": {
                            "file": "C:\\Playwright_Automation\\Shamel\\srs-material-request.spec.ts",
                            "line": 232,
                            "column": 7
                          }
                        }
                      ],
                      "attachments": [
                        {
                          "name": "screenshot",
                          "contentType": "image/png",
                          "path": "C:\\Playwright_Automation\\test-results\\srs-material-request-UC3---8664d-ally-Ordered-and-the-right--chromium\\test-failed-1.png"
                        },
                        {
                          "name": "video",
                          "contentType": "video/webm",
                          "path": "C:\\Playwright_Automation\\test-results\\srs-material-request-UC3---8664d-ally-Ordered-and-the-right--chromium\\video.webm"
                        },
                        {
                          "name": "error-context",
                          "contentType": "text/markdown",
                          "path": "C:\\Playwright_Automation\\test-results\\srs-material-request-UC3---8664d-ally-Ordered-and-the-right--chromium\\error-context.md"
                        }
                      ],
                      "errorLocation": {
                        "file": "C:\\Playwright_Automation\\Shamel\\pages\\MaterialRequestPage.ts",
                        "column": 50,
                        "line": 169
                      }
                    }
                  ],
                  "status": "unexpected"
                }
              ],
              "id": "de92fb1d85d71b706891-2e838ef641cc9427fe88",
              "file": "srs-material-request.spec.ts",
              "line": 232,
              "column": 7
            },
            {
              "title": "Ordering and receiving the full quantity gives Received",
              "ok": false,
              "tags": [],
              "tests": [
                {
                  "timeout": 240000,
                  "annotations": [
                    {
                      "type": "SRS",
                      "description": "UC3 Status: Ordered then Received (TC-MI)",
                      "location": {
                        "file": "C:\\Playwright_Automation\\Shamel\\srs-material-request.spec.ts",
                        "line": 239,
                        "column": 7
                      }
                    }
                  ],
                  "expectedStatus": "passed",
                  "projectId": "chromium",
                  "projectName": "chromium",
                  "results": [
                    {
                      "workerIndex": 20,
                      "parallelIndex": 1,
                      "status": "failed",
                      "duration": 189964,
                      "error": {
                        "message": "Error: \u001b[2mexpect(\u001b[22m\u001b[31mlocator\u001b[39m\u001b[2m).\u001b[22mtoHaveValue\u001b[2m(\u001b[22m\u001b[32mexpected\u001b[39m\u001b[2m)\u001b[22m failed\n\nLocator:  getByRole('main').getByText('Status', { exact: true }).first().locator('xpath=following::input[1]')\nExpected: \u001b[32m\"Received\"\u001b[39m\nReceived: \u001b[31m\"2026\"\u001b[39m\nTimeout:  120000ms\n\nCall log:\n\u001b[2m  - Expect \"toHaveValue\" getByRole('main').getByText('Status', { exact: true }).first().locator('xpath=following::input[1]') with timeout 120000ms\u001b[22m\n\u001b[2m  - waiting for getByRole('main').getByText('Status', { exact: true }).first().locator('xpath=following::input[1]')\u001b[22m\n\u001b[2m    217 × locator resolved to <input type=\"number\" tabindex=\"-1\" aria-label=\"Year\" class=\"numInput cur-year\"/>\u001b[22m\n\u001b[2m        - unexpected value \"2026\"\u001b[22m\n",
                        "stack": "Error: \u001b[2mexpect(\u001b[22m\u001b[31mlocator\u001b[39m\u001b[2m).\u001b[22mtoHaveValue\u001b[2m(\u001b[22m\u001b[32mexpected\u001b[39m\u001b[2m)\u001b[22m failed\n\nLocator:  getByRole('main').getByText('Status', { exact: true }).first().locator('xpath=following::input[1]')\nExpected: \u001b[32m\"Received\"\u001b[39m\nReceived: \u001b[31m\"2026\"\u001b[39m\nTimeout:  120000ms\n\nCall log:\n\u001b[2m  - Expect \"toHaveValue\" getByRole('main').getByText('Status', { exact: true }).first().locator('xpath=following::input[1]') with timeout 120000ms\u001b[22m\n\u001b[2m  - waiting for getByRole('main').getByText('Status', { exact: true }).first().locator('xpath=following::input[1]')\u001b[22m\n\u001b[2m    217 × locator resolved to <input type=\"number\" tabindex=\"-1\" aria-label=\"Year\" class=\"numInput cur-year\"/>\u001b[22m\n\u001b[2m        - unexpected value \"2026\"\u001b[22m\n\n    at MaterialRequestPage.expectStatus (C:\\Playwright_Automation\\Shamel\\pages\\MaterialRequestPage.ts:169:50)\n    at C:\\Playwright_Automation\\Shamel\\srs-material-request.spec.ts:245:5",
                        "location": {
                          "file": "C:\\Playwright_Automation\\Shamel\\pages\\MaterialRequestPage.ts",
                          "column": 50,
                          "line": 169
                        },
                        "snippet": "\u001b[90m   at \u001b[39mpages\\MaterialRequestPage.ts:169\n\n  167 |   async expectStatus(status: string, perOrdered?: string) {\n  168 |     await this.tab('Additional Information').click();\n> 169 |     await expect(this.fieldAfterLabel('Status')).toHaveValue(status, LOAD);\n      |                                                  ^\n  170 |     if (perOrdered !== undefined) await expect(this.fieldAfterLabel('% Ordered')).toHaveValue(perOrdered);\n  171 |   }\n  172 | }"
                      },
                      "errors": [
                        {
                          "location": {
                            "file": "C:\\Playwright_Automation\\Shamel\\pages\\MaterialRequestPage.ts",
                            "column": 50,
                            "line": 169
                          },
                          "message": "Error: \u001b[2mexpect(\u001b[22m\u001b[31mlocator\u001b[39m\u001b[2m).\u001b[22mtoHaveValue\u001b[2m(\u001b[22m\u001b[32mexpected\u001b[39m\u001b[2m)\u001b[22m failed\n\nLocator:  getByRole('main').getByText('Status', { exact: true }).first().locator('xpath=following::input[1]')\nExpected: \u001b[32m\"Received\"\u001b[39m\nReceived: \u001b[31m\"2026\"\u001b[39m\nTimeout:  120000ms\n\nCall log:\n\u001b[2m  - Expect \"toHaveValue\" getByRole('main').getByText('Status', { exact: true }).first().locator('xpath=following::input[1]') with timeout 120000ms\u001b[22m\n\u001b[2m  - waiting for getByRole('main').getByText('Status', { exact: true }).first().locator('xpath=following::input[1]')\u001b[22m\n\u001b[2m    217 × locator resolved to <input type=\"number\" tabindex=\"-1\" aria-label=\"Year\" class=\"numInput cur-year\"/>\u001b[22m\n\u001b[2m        - unexpected value \"2026\"\u001b[22m\n\n\n   at pages\\MaterialRequestPage.ts:169\n\n  167 |   async expectStatus(status: string, perOrdered?: string) {\n  168 |     await this.tab('Additional Information').click();\n> 169 |     await expect(this.fieldAfterLabel('Status')).toHaveValue(status, LOAD);\n      |                                                  ^\n  170 |     if (perOrdered !== undefined) await expect(this.fieldAfterLabel('% Ordered')).toHaveValue(perOrdered);\n  171 |   }\n  172 | }\n    at MaterialRequestPage.expectStatus (C:\\Playwright_Automation\\Shamel\\pages\\MaterialRequestPage.ts:169:50)\n    at C:\\Playwright_Automation\\Shamel\\srs-material-request.spec.ts:245:5"
                        }
                      ],
                      "stdout": [],
                      "stderr": [],
                      "retry": 0,
                      "startTime": "2026-10-07T12:15:59.052Z",
                      "annotations": [
                        {
                          "type": "SRS",
                          "description": "UC3 Status: Ordered then Received (TC-MI)",
                          "location": {
                            "file": "C:\\Playwright_Automation\\Shamel\\srs-material-request.spec.ts",
                            "line": 239,
                            "column": 7
                          }
                        }
                      ],
                      "attachments": [
                        {
                          "name": "screenshot",
                          "contentType": "image/png",
                          "path": "C:\\Playwright_Automation\\test-results\\srs-material-request-UC3---bf9af-ull-quantity-gives-Received-chromium\\test-failed-1.png"
                        },
                        {
                          "name": "video",
                          "contentType": "video/webm",
                          "path": "C:\\Playwright_Automation\\test-results\\srs-material-request-UC3---bf9af-ull-quantity-gives-Received-chromium\\video.webm"
                        },
                        {
                          "name": "error-context",
                          "contentType": "text/markdown",
                          "path": "C:\\Playwright_Automation\\test-results\\srs-material-request-UC3---bf9af-ull-quantity-gives-Received-chromium\\error-context.md"
                        }
                      ],
                      "errorLocation": {
                        "file": "C:\\Playwright_Automation\\Shamel\\pages\\MaterialRequestPage.ts",
                        "column": 50,
                        "line": 169
                      }
                    }
                  ],
                  "status": "unexpected"
                }
              ],
              "id": "de92fb1d85d71b706891-bcb4200ebdf94372708f",
              "file": "srs-material-request.spec.ts",
              "line": 239,
              "column": 7
            },
            {
              "title": "A stopped request shows Stopped",
              "ok": false,
              "tags": [],
              "tests": [
                {
                  "timeout": 240000,
                  "annotations": [
                    {
                      "type": "SRS",
                      "description": "UC3 Status: Stopped (TC-MI)",
                      "location": {
                        "file": "C:\\Playwright_Automation\\Shamel\\srs-material-request.spec.ts",
                        "line": 248,
                        "column": 7
                      }
                    }
                  ],
                  "expectedStatus": "passed",
                  "projectId": "chromium",
                  "projectName": "chromium",
                  "results": [
                    {
                      "workerIndex": 21,
                      "parallelIndex": 1,
                      "status": "failed",
                      "duration": 194663,
                      "error": {
                        "message": "Error: \u001b[2mexpect(\u001b[22m\u001b[31mlocator\u001b[39m\u001b[2m).\u001b[22mtoHaveValue\u001b[2m(\u001b[22m\u001b[32mexpected\u001b[39m\u001b[2m)\u001b[22m failed\n\nLocator:  getByRole('main').getByText('Status', { exact: true }).first().locator('xpath=following::input[1]')\nExpected: \u001b[32m\"Stopped\"\u001b[39m\nReceived: \u001b[31m\"2026\"\u001b[39m\nTimeout:  120000ms\n\nCall log:\n\u001b[2m  - Expect \"toHaveValue\" getByRole('main').getByText('Status', { exact: true }).first().locator('xpath=following::input[1]') with timeout 120000ms\u001b[22m\n\u001b[2m  - waiting for getByRole('main').getByText('Status', { exact: true }).first().locator('xpath=following::input[1]')\u001b[22m\n\u001b[2m    228 × locator resolved to <input type=\"number\" tabindex=\"-1\" aria-label=\"Year\" class=\"numInput cur-year\"/>\u001b[22m\n\u001b[2m        - unexpected value \"2026\"\u001b[22m\n",
                        "stack": "Error: \u001b[2mexpect(\u001b[22m\u001b[31mlocator\u001b[39m\u001b[2m).\u001b[22mtoHaveValue\u001b[2m(\u001b[22m\u001b[32mexpected\u001b[39m\u001b[2m)\u001b[22m failed\n\nLocator:  getByRole('main').getByText('Status', { exact: true }).first().locator('xpath=following::input[1]')\nExpected: \u001b[32m\"Stopped\"\u001b[39m\nReceived: \u001b[31m\"2026\"\u001b[39m\nTimeout:  120000ms\n\nCall log:\n\u001b[2m  - Expect \"toHaveValue\" getByRole('main').getByText('Status', { exact: true }).first().locator('xpath=following::input[1]') with timeout 120000ms\u001b[22m\n\u001b[2m  - waiting for getByRole('main').getByText('Status', { exact: true }).first().locator('xpath=following::input[1]')\u001b[22m\n\u001b[2m    228 × locator resolved to <input type=\"number\" tabindex=\"-1\" aria-label=\"Year\" class=\"numInput cur-year\"/>\u001b[22m\n\u001b[2m        - unexpected value \"2026\"\u001b[22m\n\n    at MaterialRequestPage.expectStatus (C:\\Playwright_Automation\\Shamel\\pages\\MaterialRequestPage.ts:169:50)\n    at C:\\Playwright_Automation\\Shamel\\srs-material-request.spec.ts:252:5",
                        "location": {
                          "file": "C:\\Playwright_Automation\\Shamel\\pages\\MaterialRequestPage.ts",
                          "column": 50,
                          "line": 169
                        },
                        "snippet": "\u001b[90m   at \u001b[39mpages\\MaterialRequestPage.ts:169\n\n  167 |   async expectStatus(status: string, perOrdered?: string) {\n  168 |     await this.tab('Additional Information').click();\n> 169 |     await expect(this.fieldAfterLabel('Status')).toHaveValue(status, LOAD);\n      |                                                  ^\n  170 |     if (perOrdered !== undefined) await expect(this.fieldAfterLabel('% Ordered')).toHaveValue(perOrdered);\n  171 |   }\n  172 | }"
                      },
                      "errors": [
                        {
                          "location": {
                            "file": "C:\\Playwright_Automation\\Shamel\\pages\\MaterialRequestPage.ts",
                            "column": 50,
                            "line": 169
                          },
                          "message": "Error: \u001b[2mexpect(\u001b[22m\u001b[31mlocator\u001b[39m\u001b[2m).\u001b[22mtoHaveValue\u001b[2m(\u001b[22m\u001b[32mexpected\u001b[39m\u001b[2m)\u001b[22m failed\n\nLocator:  getByRole('main').getByText('Status', { exact: true }).first().locator('xpath=following::input[1]')\nExpected: \u001b[32m\"Stopped\"\u001b[39m\nReceived: \u001b[31m\"2026\"\u001b[39m\nTimeout:  120000ms\n\nCall log:\n\u001b[2m  - Expect \"toHaveValue\" getByRole('main').getByText('Status', { exact: true }).first().locator('xpath=following::input[1]') with timeout 120000ms\u001b[22m\n\u001b[2m  - waiting for getByRole('main').getByText('Status', { exact: true }).first().locator('xpath=following::input[1]')\u001b[22m\n\u001b[2m    228 × locator resolved to <input type=\"number\" tabindex=\"-1\" aria-label=\"Year\" class=\"numInput cur-year\"/>\u001b[22m\n\u001b[2m        - unexpected value \"2026\"\u001b[22m\n\n\n   at pages\\MaterialRequestPage.ts:169\n\n  167 |   async expectStatus(status: string, perOrdered?: string) {\n  168 |     await this.tab('Additional Information').click();\n> 169 |     await expect(this.fieldAfterLabel('Status')).toHaveValue(status, LOAD);\n      |                                                  ^\n  170 |     if (perOrdered !== undefined) await expect(this.fieldAfterLabel('% Ordered')).toHaveValue(perOrdered);\n  171 |   }\n  172 | }\n    at MaterialRequestPage.expectStatus (C:\\Playwright_Automation\\Shamel\\pages\\MaterialRequestPage.ts:169:50)\n    at C:\\Playwright_Automation\\Shamel\\srs-material-request.spec.ts:252:5"
                        }
                      ],
                      "stdout": [],
                      "stderr": [],
                      "retry": 0,
                      "startTime": "2026-10-07T12:19:11.604Z",
                      "annotations": [
                        {
                          "type": "SRS",
                          "description": "UC3 Status: Stopped (TC-MI)",
                          "location": {
                            "file": "C:\\Playwright_Automation\\Shamel\\srs-material-request.spec.ts",
                            "line": 248,
                            "column": 7
                          }
                        }
                      ],
                      "attachments": [
                        {
                          "name": "screenshot",
                          "contentType": "image/png",
                          "path": "C:\\Playwright_Automation\\test-results\\srs-material-request-UC3---9b3ec-opped-request-shows-Stopped-chromium\\test-failed-1.png"
                        },
                        {
                          "name": "video",
                          "contentType": "video/webm",
                          "path": "C:\\Playwright_Automation\\test-results\\srs-material-request-UC3---9b3ec-opped-request-shows-Stopped-chromium\\video.webm"
                        },
                        {
                          "name": "error-context",
                          "contentType": "text/markdown",
                          "path": "C:\\Playwright_Automation\\test-results\\srs-material-request-UC3---9b3ec-opped-request-shows-Stopped-chromium\\error-context.md"
                        }
                      ],
                      "errorLocation": {
                        "file": "C:\\Playwright_Automation\\Shamel\\pages\\MaterialRequestPage.ts",
                        "column": 50,
                        "line": 169
                      }
                    }
                  ],
                  "status": "unexpected"
                }
              ],
              "id": "de92fb1d85d71b706891-e6ecca0c5dbb3960746a",
              "file": "srs-material-request.spec.ts",
              "line": 248,
              "column": 7
            },
            {
              "title": "Issuing the full quantity of a Material Issue gives Issued",
              "ok": false,
              "tags": [],
              "tests": [
                {
                  "timeout": 240000,
                  "annotations": [
                    {
                      "type": "SRS",
                      "description": "UC3 Status: Issued (TC-MI)",
                      "location": {
                        "file": "C:\\Playwright_Automation\\Shamel\\srs-material-request.spec.ts",
                        "line": 255,
                        "column": 7
                      }
                    }
                  ],
                  "expectedStatus": "passed",
                  "projectId": "chromium",
                  "projectName": "chromium",
                  "results": [
                    {
                      "workerIndex": 22,
                      "parallelIndex": 0,
                      "status": "failed",
                      "duration": 194314,
                      "error": {
                        "message": "Error: \u001b[2mexpect(\u001b[22m\u001b[31mlocator\u001b[39m\u001b[2m).\u001b[22mtoHaveValue\u001b[2m(\u001b[22m\u001b[32mexpected\u001b[39m\u001b[2m)\u001b[22m failed\n\nLocator:  getByRole('main').getByText('Status', { exact: true }).first().locator('xpath=following::input[1]')\nExpected: \u001b[32m\"Issued\"\u001b[39m\nReceived: \u001b[31m\"2026\"\u001b[39m\nTimeout:  120000ms\n\nCall log:\n\u001b[2m  - Expect \"toHaveValue\" getByRole('main').getByText('Status', { exact: true }).first().locator('xpath=following::input[1]') with timeout 120000ms\u001b[22m\n\u001b[2m  - waiting for getByRole('main').getByText('Status', { exact: true }).first().locator('xpath=following::input[1]')\u001b[22m\n\u001b[2m    228 × locator resolved to <input type=\"number\" tabindex=\"-1\" aria-label=\"Year\" class=\"numInput cur-year\"/>\u001b[22m\n\u001b[2m        - unexpected value \"2026\"\u001b[22m\n",
                        "stack": "Error: \u001b[2mexpect(\u001b[22m\u001b[31mlocator\u001b[39m\u001b[2m).\u001b[22mtoHaveValue\u001b[2m(\u001b[22m\u001b[32mexpected\u001b[39m\u001b[2m)\u001b[22m failed\n\nLocator:  getByRole('main').getByText('Status', { exact: true }).first().locator('xpath=following::input[1]')\nExpected: \u001b[32m\"Issued\"\u001b[39m\nReceived: \u001b[31m\"2026\"\u001b[39m\nTimeout:  120000ms\n\nCall log:\n\u001b[2m  - Expect \"toHaveValue\" getByRole('main').getByText('Status', { exact: true }).first().locator('xpath=following::input[1]') with timeout 120000ms\u001b[22m\n\u001b[2m  - waiting for getByRole('main').getByText('Status', { exact: true }).first().locator('xpath=following::input[1]')\u001b[22m\n\u001b[2m    228 × locator resolved to <input type=\"number\" tabindex=\"-1\" aria-label=\"Year\" class=\"numInput cur-year\"/>\u001b[22m\n\u001b[2m        - unexpected value \"2026\"\u001b[22m\n\n    at MaterialRequestPage.expectStatus (C:\\Playwright_Automation\\Shamel\\pages\\MaterialRequestPage.ts:169:50)\n    at C:\\Playwright_Automation\\Shamel\\srs-material-request.spec.ts:260:5",
                        "location": {
                          "file": "C:\\Playwright_Automation\\Shamel\\pages\\MaterialRequestPage.ts",
                          "column": 50,
                          "line": 169
                        },
                        "snippet": "\u001b[90m   at \u001b[39mpages\\MaterialRequestPage.ts:169\n\n  167 |   async expectStatus(status: string, perOrdered?: string) {\n  168 |     await this.tab('Additional Information').click();\n> 169 |     await expect(this.fieldAfterLabel('Status')).toHaveValue(status, LOAD);\n      |                                                  ^\n  170 |     if (perOrdered !== undefined) await expect(this.fieldAfterLabel('% Ordered')).toHaveValue(perOrdered);\n  171 |   }\n  172 | }"
                      },
                      "errors": [
                        {
                          "location": {
                            "file": "C:\\Playwright_Automation\\Shamel\\pages\\MaterialRequestPage.ts",
                            "column": 50,
                            "line": 169
                          },
                          "message": "Error: \u001b[2mexpect(\u001b[22m\u001b[31mlocator\u001b[39m\u001b[2m).\u001b[22mtoHaveValue\u001b[2m(\u001b[22m\u001b[32mexpected\u001b[39m\u001b[2m)\u001b[22m failed\n\nLocator:  getByRole('main').getByText('Status', { exact: true }).first().locator('xpath=following::input[1]')\nExpected: \u001b[32m\"Issued\"\u001b[39m\nReceived: \u001b[31m\"2026\"\u001b[39m\nTimeout:  120000ms\n\nCall log:\n\u001b[2m  - Expect \"toHaveValue\" getByRole('main').getByText('Status', { exact: true }).first().locator('xpath=following::input[1]') with timeout 120000ms\u001b[22m\n\u001b[2m  - waiting for getByRole('main').getByText('Status', { exact: true }).first().locator('xpath=following::input[1]')\u001b[22m\n\u001b[2m    228 × locator resolved to <input type=\"number\" tabindex=\"-1\" aria-label=\"Year\" class=\"numInput cur-year\"/>\u001b[22m\n\u001b[2m        - unexpected value \"2026\"\u001b[22m\n\n\n   at pages\\MaterialRequestPage.ts:169\n\n  167 |   async expectStatus(status: string, perOrdered?: string) {\n  168 |     await this.tab('Additional Information').click();\n> 169 |     await expect(this.fieldAfterLabel('Status')).toHaveValue(status, LOAD);\n      |                                                  ^\n  170 |     if (perOrdered !== undefined) await expect(this.fieldAfterLabel('% Ordered')).toHaveValue(perOrdered);\n  171 |   }\n  172 | }\n    at MaterialRequestPage.expectStatus (C:\\Playwright_Automation\\Shamel\\pages\\MaterialRequestPage.ts:169:50)\n    at C:\\Playwright_Automation\\Shamel\\srs-material-request.spec.ts:260:5"
                        }
                      ],
                      "stdout": [],
                      "stderr": [],
                      "retry": 0,
                      "startTime": "2026-10-07T12:19:36.668Z",
                      "annotations": [
                        {
                          "type": "SRS",
                          "description": "UC3 Status: Issued (TC-MI)",
                          "location": {
                            "file": "C:\\Playwright_Automation\\Shamel\\srs-material-request.spec.ts",
                            "line": 255,
                            "column": 7
                          }
                        }
                      ],
                      "attachments": [
                        {
                          "name": "screenshot",
                          "contentType": "image/png",
                          "path": "C:\\Playwright_Automation\\test-results\\srs-material-request-UC3---4e634-Material-Issue-gives-Issued-chromium\\test-failed-1.png"
                        },
                        {
                          "name": "video",
                          "contentType": "video/webm",
                          "path": "C:\\Playwright_Automation\\test-results\\srs-material-request-UC3---4e634-Material-Issue-gives-Issued-chromium\\video.webm"
                        },
                        {
                          "name": "error-context",
                          "contentType": "text/markdown",
                          "path": "C:\\Playwright_Automation\\test-results\\srs-material-request-UC3---4e634-Material-Issue-gives-Issued-chromium\\error-context.md"
                        }
                      ],
                      "errorLocation": {
                        "file": "C:\\Playwright_Automation\\Shamel\\pages\\MaterialRequestPage.ts",
                        "column": 50,
                        "line": 169
                      }
                    }
                  ],
                  "status": "unexpected"
                }
              ],
              "id": "de92fb1d85d71b706891-ccf694311e9ce5a21e07",
              "file": "srs-material-request.spec.ts",
              "line": 255,
              "column": 7
            },
            {
              "title": "Transferring the full quantity of a Material Transfer gives Transferred",
              "ok": false,
              "tags": [],
              "tests": [
                {
                  "timeout": 240000,
                  "annotations": [
                    {
                      "type": "SRS",
                      "description": "UC3 Status: Transferred (TC-MI)",
                      "location": {
                        "file": "C:\\Playwright_Automation\\Shamel\\srs-material-request.spec.ts",
                        "line": 263,
                        "column": 7
                      }
                    }
                  ],
                  "expectedStatus": "passed",
                  "projectId": "chromium",
                  "projectName": "chromium",
                  "results": [
                    {
                      "workerIndex": 23,
                      "parallelIndex": 1,
                      "status": "failed",
                      "duration": 195334,
                      "error": {
                        "message": "Error: \u001b[2mexpect(\u001b[22m\u001b[31mlocator\u001b[39m\u001b[2m).\u001b[22mtoHaveValue\u001b[2m(\u001b[22m\u001b[32mexpected\u001b[39m\u001b[2m)\u001b[22m failed\n\nLocator:  getByRole('main').getByText('Status', { exact: true }).first().locator('xpath=following::input[1]')\nExpected: \u001b[32m\"Transferred\"\u001b[39m\nReceived: \u001b[31m\"2026\"\u001b[39m\nTimeout:  120000ms\n\nCall log:\n\u001b[2m  - Expect \"toHaveValue\" getByRole('main').getByText('Status', { exact: true }).first().locator('xpath=following::input[1]') with timeout 120000ms\u001b[22m\n\u001b[2m  - waiting for getByRole('main').getByText('Status', { exact: true }).first().locator('xpath=following::input[1]')\u001b[22m\n\u001b[2m    150 × locator resolved to <input type=\"number\" tabindex=\"-1\" aria-label=\"Year\" class=\"numInput cur-year\"/>\u001b[22m\n\u001b[2m        - unexpected value \"2026\"\u001b[22m\n",
                        "stack": "Error: \u001b[2mexpect(\u001b[22m\u001b[31mlocator\u001b[39m\u001b[2m).\u001b[22mtoHaveValue\u001b[2m(\u001b[22m\u001b[32mexpected\u001b[39m\u001b[2m)\u001b[22m failed\n\nLocator:  getByRole('main').getByText('Status', { exact: true }).first().locator('xpath=following::input[1]')\nExpected: \u001b[32m\"Transferred\"\u001b[39m\nReceived: \u001b[31m\"2026\"\u001b[39m\nTimeout:  120000ms\n\nCall log:\n\u001b[2m  - Expect \"toHaveValue\" getByRole('main').getByText('Status', { exact: true }).first().locator('xpath=following::input[1]') with timeout 120000ms\u001b[22m\n\u001b[2m  - waiting for getByRole('main').getByText('Status', { exact: true }).first().locator('xpath=following::input[1]')\u001b[22m\n\u001b[2m    150 × locator resolved to <input type=\"number\" tabindex=\"-1\" aria-label=\"Year\" class=\"numInput cur-year\"/>\u001b[22m\n\u001b[2m        - unexpected value \"2026\"\u001b[22m\n\n    at MaterialRequestPage.expectStatus (C:\\Playwright_Automation\\Shamel\\pages\\MaterialRequestPage.ts:169:50)\n    at C:\\Playwright_Automation\\Shamel\\srs-material-request.spec.ts:268:5",
                        "location": {
                          "file": "C:\\Playwright_Automation\\Shamel\\pages\\MaterialRequestPage.ts",
                          "column": 50,
                          "line": 169
                        },
                        "snippet": "\u001b[90m   at \u001b[39mpages\\MaterialRequestPage.ts:169\n\n  167 |   async expectStatus(status: string, perOrdered?: string) {\n  168 |     await this.tab('Additional Information').click();\n> 169 |     await expect(this.fieldAfterLabel('Status')).toHaveValue(status, LOAD);\n      |                                                  ^\n  170 |     if (perOrdered !== undefined) await expect(this.fieldAfterLabel('% Ordered')).toHaveValue(perOrdered);\n  171 |   }\n  172 | }"
                      },
                      "errors": [
                        {
                          "location": {
                            "file": "C:\\Playwright_Automation\\Shamel\\pages\\MaterialRequestPage.ts",
                            "column": 50,
                            "line": 169
                          },
                          "message": "Error: \u001b[2mexpect(\u001b[22m\u001b[31mlocator\u001b[39m\u001b[2m).\u001b[22mtoHaveValue\u001b[2m(\u001b[22m\u001b[32mexpected\u001b[39m\u001b[2m)\u001b[22m failed\n\nLocator:  getByRole('main').getByText('Status', { exact: true }).first().locator('xpath=following::input[1]')\nExpected: \u001b[32m\"Transferred\"\u001b[39m\nReceived: \u001b[31m\"2026\"\u001b[39m\nTimeout:  120000ms\n\nCall log:\n\u001b[2m  - Expect \"toHaveValue\" getByRole('main').getByText('Status', { exact: true }).first().locator('xpath=following::input[1]') with timeout 120000ms\u001b[22m\n\u001b[2m  - waiting for getByRole('main').getByText('Status', { exact: true }).first().locator('xpath=following::input[1]')\u001b[22m\n\u001b[2m    150 × locator resolved to <input type=\"number\" tabindex=\"-1\" aria-label=\"Year\" class=\"numInput cur-year\"/>\u001b[22m\n\u001b[2m        - unexpected value \"2026\"\u001b[22m\n\n\n   at pages\\MaterialRequestPage.ts:169\n\n  167 |   async expectStatus(status: string, perOrdered?: string) {\n  168 |     await this.tab('Additional Information').click();\n> 169 |     await expect(this.fieldAfterLabel('Status')).toHaveValue(status, LOAD);\n      |                                                  ^\n  170 |     if (perOrdered !== undefined) await expect(this.fieldAfterLabel('% Ordered')).toHaveValue(perOrdered);\n  171 |   }\n  172 | }\n    at MaterialRequestPage.expectStatus (C:\\Playwright_Automation\\Shamel\\pages\\MaterialRequestPage.ts:169:50)\n    at C:\\Playwright_Automation\\Shamel\\srs-material-request.spec.ts:268:5"
                        }
                      ],
                      "stdout": [],
                      "stderr": [],
                      "retry": 0,
                      "startTime": "2026-10-07T12:22:27.670Z",
                      "annotations": [
                        {
                          "type": "SRS",
                          "description": "UC3 Status: Transferred (TC-MI)",
                          "location": {
                            "file": "C:\\Playwright_Automation\\Shamel\\srs-material-request.spec.ts",
                            "line": 263,
                            "column": 7
                          }
                        }
                      ],
                      "attachments": [
                        {
                          "name": "screenshot",
                          "contentType": "image/png",
                          "path": "C:\\Playwright_Automation\\test-results\\srs-material-request-UC3---8a5f7--Transfer-gives-Transferred-chromium\\test-failed-1.png"
                        },
                        {
                          "name": "video",
                          "contentType": "video/webm",
                          "path": "C:\\Playwright_Automation\\test-results\\srs-material-request-UC3---8a5f7--Transfer-gives-Transferred-chromium\\video.webm"
                        },
                        {
                          "name": "error-context",
                          "contentType": "text/markdown",
                          "path": "C:\\Playwright_Automation\\test-results\\srs-material-request-UC3---8a5f7--Transfer-gives-Transferred-chromium\\error-context.md"
                        }
                      ],
                      "errorLocation": {
                        "file": "C:\\Playwright_Automation\\Shamel\\pages\\MaterialRequestPage.ts",
                        "column": 50,
                        "line": 169
                      }
                    }
                  ],
                  "status": "unexpected"
                }
              ],
              "id": "de92fb1d85d71b706891-0cb0fb5cbdf98bcf5736",
              "file": "srs-material-request.spec.ts",
              "line": 263,
              "column": 7
            }
          ]
        },
        {
          "title": "Connections",
          "file": "srs-material-request.spec.ts",
          "line": 272,
          "column": 6,
          "specs": [
            {
              "title": "Connections list the Purchase Orders and Purchase Receipts made from the request",
              "ok": true,
              "tags": [],
              "tests": [
                {
                  "timeout": 240000,
                  "annotations": [
                    {
                      "type": "SRS",
                      "description": "Connections: linked documents (TC-CN)",
                      "location": {
                        "file": "C:\\Playwright_Automation\\Shamel\\srs-material-request.spec.ts",
                        "line": 273,
                        "column": 7
                      }
                    }
                  ],
                  "expectedStatus": "passed",
                  "projectId": "chromium",
                  "projectName": "chromium",
                  "results": [
                    {
                      "workerIndex": 24,
                      "parallelIndex": 0,
                      "status": "passed",
                      "duration": 72299,
                      "errors": [],
                      "stdout": [],
                      "stderr": [],
                      "retry": 0,
                      "startTime": "2026-10-07T12:22:52.406Z",
                      "annotations": [
                        {
                          "type": "SRS",
                          "description": "Connections: linked documents (TC-CN)",
                          "location": {
                            "file": "C:\\Playwright_Automation\\Shamel\\srs-material-request.spec.ts",
                            "line": 273,
                            "column": 7
                          }
                        }
                      ],
                      "attachments": []
                    }
                  ],
                  "status": "expected"
                }
              ],
              "id": "de92fb1d85d71b706891-3038be8d0ffe018c9f2b",
              "file": "srs-material-request.spec.ts",
              "line": 273,
              "column": 7
            },
            {
              "title": "Connections of a Material Issue list its Stock Entry",
              "ok": true,
              "tags": [],
              "tests": [
                {
                  "timeout": 240000,
                  "annotations": [
                    {
                      "type": "SRS",
                      "description": "Connections: Stock Entry (TC-CN)",
                      "location": {
                        "file": "C:\\Playwright_Automation\\Shamel\\srs-material-request.spec.ts",
                        "line": 284,
                        "column": 7
                      }
                    }
                  ],
                  "expectedStatus": "passed",
                  "projectId": "chromium",
                  "projectName": "chromium",
                  "results": [
                    {
                      "workerIndex": 24,
                      "parallelIndex": 0,
                      "status": "passed",
                      "duration": 55613,
                      "errors": [],
                      "stdout": [],
                      "stderr": [],
                      "retry": 0,
                      "startTime": "2026-10-07T12:24:05.081Z",
                      "annotations": [
                        {
                          "type": "SRS",
                          "description": "Connections: Stock Entry (TC-CN)",
                          "location": {
                            "file": "C:\\Playwright_Automation\\Shamel\\srs-material-request.spec.ts",
                            "line": 284,
                            "column": 7
                          }
                        }
                      ],
                      "attachments": []
                    }
                  ],
                  "status": "expected"
                }
              ],
              "id": "de92fb1d85d71b706891-30994c0d90ad6979ee5e",
              "file": "srs-material-request.spec.ts",
              "line": 284,
              "column": 7
            },
            {
              "title": "Connections show who created each linked document",
              "ok": false,
              "tags": [],
              "tests": [
                {
                  "timeout": 240000,
                  "annotations": [
                    {
                      "type": "SRS",
                      "description": "Connections: By column (TC-CN)",
                      "location": {
                        "file": "C:\\Playwright_Automation\\Shamel\\srs-material-request.spec.ts",
                        "line": 294,
                        "column": 7
                      }
                    }
                  ],
                  "expectedStatus": "passed",
                  "projectId": "chromium",
                  "projectName": "chromium",
                  "results": [
                    {
                      "workerIndex": 24,
                      "parallelIndex": 0,
                      "status": "failed",
                      "duration": 78856,
                      "error": {
                        "message": "Error: \u001b[2mexpect(\u001b[22m\u001b[31mlocator\u001b[39m\u001b[2m).not.\u001b[22mtoContainText\u001b[2m(\u001b[22m\u001b[32mexpected\u001b[39m\u001b[2m)\u001b[22m failed\n\nLocator: getByRole('main').getByRole('table').getByRole('row').nth(1)\nExpected substring: not \u001b[32m\"None\"\u001b[39m\nReceived string: \u001b[31m\"PUR-ORD-2026-000152026-10-07Administrator \u001b[7mNone\u001b[27m\"\u001b[39m\nTimeout: 15000ms\n\nCall log:\n\u001b[2m  - Expect \"not toContainText\" getByRole('main').getByRole('table').getByRole('row').nth(1) with timeout 15000ms\u001b[22m\n\u001b[2m  - waiting for getByRole('main').getByRole('table').getByRole('row').nth(1)\u001b[22m\n\u001b[2m    31 × locator resolved to <tr data-v-e29f01c8=\"\">…</tr>\u001b[22m\n\u001b[2m       - unexpected value \"PUR-ORD-2026-000152026-10-07Administrator None\"\u001b[22m\n",
                        "stack": "Error: \u001b[2mexpect(\u001b[22m\u001b[31mlocator\u001b[39m\u001b[2m).not.\u001b[22mtoContainText\u001b[2m(\u001b[22m\u001b[32mexpected\u001b[39m\u001b[2m)\u001b[22m failed\n\nLocator: getByRole('main').getByRole('table').getByRole('row').nth(1)\nExpected substring: not \u001b[32m\"None\"\u001b[39m\nReceived string: \u001b[31m\"PUR-ORD-2026-000152026-10-07Administrator \u001b[7mNone\u001b[27m\"\u001b[39m\nTimeout: 15000ms\n\nCall log:\n\u001b[2m  - Expect \"not toContainText\" getByRole('main').getByRole('table').getByRole('row').nth(1) with timeout 15000ms\u001b[22m\n\u001b[2m  - waiting for getByRole('main').getByRole('table').getByRole('row').nth(1)\u001b[22m\n\u001b[2m    31 × locator resolved to <tr data-v-e29f01c8=\"\">…</tr>\u001b[22m\n\u001b[2m       - unexpected value \"PUR-ORD-2026-000152026-10-07Administrator None\"\u001b[22m\n\n    at C:\\Playwright_Automation\\Shamel\\srs-material-request.spec.ts:301:27",
                        "location": {
                          "file": "C:\\Playwright_Automation\\Shamel\\srs-material-request.spec.ts",
                          "column": 27,
                          "line": 301
                        },
                        "snippet": "  299 |     const row = page.getByRole('main').getByRole('table').getByRole('row').nth(1);\n  300 |     await expect(row).toContainText('Administrator', { timeout: 120_000 });\n> 301 |     await expect(row).not.toContainText('None');\n      |                           ^\n  302 |   });\n  303 | });\n  304 |"
                      },
                      "errors": [
                        {
                          "location": {
                            "file": "C:\\Playwright_Automation\\Shamel\\srs-material-request.spec.ts",
                            "column": 27,
                            "line": 301
                          },
                          "message": "Error: \u001b[2mexpect(\u001b[22m\u001b[31mlocator\u001b[39m\u001b[2m).not.\u001b[22mtoContainText\u001b[2m(\u001b[22m\u001b[32mexpected\u001b[39m\u001b[2m)\u001b[22m failed\n\nLocator: getByRole('main').getByRole('table').getByRole('row').nth(1)\nExpected substring: not \u001b[32m\"None\"\u001b[39m\nReceived string: \u001b[31m\"PUR-ORD-2026-000152026-10-07Administrator \u001b[7mNone\u001b[27m\"\u001b[39m\nTimeout: 15000ms\n\nCall log:\n\u001b[2m  - Expect \"not toContainText\" getByRole('main').getByRole('table').getByRole('row').nth(1) with timeout 15000ms\u001b[22m\n\u001b[2m  - waiting for getByRole('main').getByRole('table').getByRole('row').nth(1)\u001b[22m\n\u001b[2m    31 × locator resolved to <tr data-v-e29f01c8=\"\">…</tr>\u001b[22m\n\u001b[2m       - unexpected value \"PUR-ORD-2026-000152026-10-07Administrator None\"\u001b[22m\n\n\n  299 |     const row = page.getByRole('main').getByRole('table').getByRole('row').nth(1);\n  300 |     await expect(row).toContainText('Administrator', { timeout: 120_000 });\n> 301 |     await expect(row).not.toContainText('None');\n      |                           ^\n  302 |   });\n  303 | });\n  304 |\n    at C:\\Playwright_Automation\\Shamel\\srs-material-request.spec.ts:301:27"
                        }
                      ],
                      "stdout": [],
                      "stderr": [],
                      "retry": 0,
                      "startTime": "2026-10-07T12:25:00.735Z",
                      "annotations": [
                        {
                          "type": "SRS",
                          "description": "Connections: By column (TC-CN)",
                          "location": {
                            "file": "C:\\Playwright_Automation\\Shamel\\srs-material-request.spec.ts",
                            "line": 294,
                            "column": 7
                          }
                        }
                      ],
                      "attachments": [
                        {
                          "name": "screenshot",
                          "contentType": "image/png",
                          "path": "C:\\Playwright_Automation\\test-results\\srs-material-request-Conne-38b65-reated-each-linked-document-chromium\\test-failed-1.png"
                        },
                        {
                          "name": "video",
                          "contentType": "video/webm",
                          "path": "C:\\Playwright_Automation\\test-results\\srs-material-request-Conne-38b65-reated-each-linked-document-chromium\\video.webm"
                        },
                        {
                          "name": "error-context",
                          "contentType": "text/markdown",
                          "path": "C:\\Playwright_Automation\\test-results\\srs-material-request-Conne-38b65-reated-each-linked-document-chromium\\error-context.md"
                        }
                      ],
                      "errorLocation": {
                        "file": "C:\\Playwright_Automation\\Shamel\\srs-material-request.spec.ts",
                        "column": 27,
                        "line": 301
                      }
                    }
                  ],
                  "status": "unexpected"
                }
              ],
              "id": "de92fb1d85d71b706891-6e48473f6f1571d19555",
              "file": "srs-material-request.spec.ts",
              "line": 294,
              "column": 7
            }
          ]
        },
        {
          "title": "Get Items From",
          "file": "srs-material-request.spec.ts",
          "line": 305,
          "column": 6,
          "specs": [
            {
              "title": "Get Items from offers Sales Order and Product Bundle",
              "ok": true,
              "tags": [],
              "tests": [
                {
                  "timeout": 240000,
                  "annotations": [
                    {
                      "type": "SRS",
                      "description": "UC2 Get Items From: Sales Order, Product Bundle (TC-GI)",
                      "location": {
                        "file": "C:\\Playwright_Automation\\Shamel\\srs-material-request.spec.ts",
                        "line": 310,
                        "column": 7
                      }
                    }
                  ],
                  "expectedStatus": "passed",
                  "projectId": "chromium",
                  "projectName": "chromium",
                  "results": [
                    {
                      "workerIndex": 25,
                      "parallelIndex": 1,
                      "status": "passed",
                      "duration": 21494,
                      "errors": [],
                      "stdout": [],
                      "stderr": [],
                      "retry": 0,
                      "startTime": "2026-10-07T12:25:49.460Z",
                      "annotations": [
                        {
                          "type": "SRS",
                          "description": "UC2 Get Items From: Sales Order, Product Bundle (TC-GI)",
                          "location": {
                            "file": "C:\\Playwright_Automation\\Shamel\\srs-material-request.spec.ts",
                            "line": 310,
                            "column": 7
                          }
                        }
                      ],
                      "attachments": []
                    }
                  ],
                  "status": "expected"
                }
              ],
              "id": "de92fb1d85d71b706891-5e0b83e630ef7e216719",
              "file": "srs-material-request.spec.ts",
              "line": 310,
              "column": 7
            },
            {
              "title": "Sales Order picker lists open orders but not orders on Hold or Closed",
              "ok": true,
              "tags": [],
              "tests": [
                {
                  "timeout": 240000,
                  "annotations": [
                    {
                      "type": "SRS",
                      "description": "UC2 Get Items From Sales Order: only open orders (TC-GI)",
                      "location": {
                        "file": "C:\\Playwright_Automation\\Shamel\\srs-material-request.spec.ts",
                        "line": 316,
                        "column": 7
                      }
                    }
                  ],
                  "expectedStatus": "passed",
                  "projectId": "chromium",
                  "projectName": "chromium",
                  "results": [
                    {
                      "workerIndex": 25,
                      "parallelIndex": 1,
                      "status": "passed",
                      "duration": 91908,
                      "errors": [],
                      "stdout": [],
                      "stderr": [],
                      "retry": 0,
                      "startTime": "2026-10-07T12:26:11.486Z",
                      "annotations": [
                        {
                          "type": "SRS",
                          "description": "UC2 Get Items From Sales Order: only open orders (TC-GI)",
                          "location": {
                            "file": "C:\\Playwright_Automation\\Shamel\\srs-material-request.spec.ts",
                            "line": 316,
                            "column": 7
                          }
                        }
                      ],
                      "attachments": []
                    }
                  ],
                  "status": "expected"
                }
              ],
              "id": "de92fb1d85d71b706891-4693560b01c54eae94cf",
              "file": "srs-material-request.spec.ts",
              "line": 316,
              "column": 7
            },
            {
              "title": "Picking a Sales Order adds its items with their quantities",
              "ok": false,
              "tags": [],
              "tests": [
                {
                  "timeout": 240000,
                  "annotations": [
                    {
                      "type": "SRS",
                      "description": "UC2 Get Items From Sales Order: items copied (TC-GI)",
                      "location": {
                        "file": "C:\\Playwright_Automation\\Shamel\\srs-material-request.spec.ts",
                        "line": 336,
                        "column": 7
                      }
                    }
                  ],
                  "expectedStatus": "passed",
                  "projectId": "chromium",
                  "projectName": "chromium",
                  "results": [
                    {
                      "workerIndex": 26,
                      "parallelIndex": 0,
                      "status": "failed",
                      "duration": 118335,
                      "error": {
                        "message": "Error: \u001b[2mexpect(\u001b[22m\u001b[31mlocator\u001b[39m\u001b[2m).\u001b[22mtoHaveValue\u001b[2m(\u001b[22m\u001b[32mexpected\u001b[39m\u001b[2m)\u001b[22m failed\n\nLocator: getByRole('main').locator('//h3[normalize-space(.)=\"Items Record\"]/../..').getByPlaceholder('Item Code', { exact: true }).first()\nExpected pattern: \u001b[32m/PW MR Stock Item/\u001b[39m\nReceived string:  \u001b[31m\"STO-ITEM-2026-00072\"\u001b[39m\nTimeout: 60000ms\n\nCall log:\n\u001b[2m  - Expect \"toHaveValue\" getByRole('main').locator('//h3[normalize-space(.)=\"Items Record\"]/../..').getByPlaceholder('Item Code', { exact: true }).first() with timeout 60000ms\u001b[22m\n\u001b[2m  - waiting for getByRole('main').locator('//h3[normalize-space(.)=\"Items Record\"]/../..').getByPlaceholder('Item Code', { exact: true }).first()\u001b[22m\n\u001b[2m    99 × locator resolved to <input type=\"text\" role=\"combobox\" class=\"cs-input\" data-v-d10c49f3=\"\" autocomplete=\"false\" aria-expanded=\"false\" aria-disabled=\"false\" placeholder=\"Item Code\" aria-autocomplete=\"list\" value=\"STO-ITEM-2026-00072\" aria-controls=\"radix-vue-combobox-content-v-7\"/>\u001b[22m\n\u001b[2m       - unexpected value \"STO-ITEM-2026-00072\"\u001b[22m\n",
                        "stack": "Error: \u001b[2mexpect(\u001b[22m\u001b[31mlocator\u001b[39m\u001b[2m).\u001b[22mtoHaveValue\u001b[2m(\u001b[22m\u001b[32mexpected\u001b[39m\u001b[2m)\u001b[22m failed\n\nLocator: getByRole('main').locator('//h3[normalize-space(.)=\"Items Record\"]/../..').getByPlaceholder('Item Code', { exact: true }).first()\nExpected pattern: \u001b[32m/PW MR Stock Item/\u001b[39m\nReceived string:  \u001b[31m\"STO-ITEM-2026-00072\"\u001b[39m\nTimeout: 60000ms\n\nCall log:\n\u001b[2m  - Expect \"toHaveValue\" getByRole('main').locator('//h3[normalize-space(.)=\"Items Record\"]/../..').getByPlaceholder('Item Code', { exact: true }).first() with timeout 60000ms\u001b[22m\n\u001b[2m  - waiting for getByRole('main').locator('//h3[normalize-space(.)=\"Items Record\"]/../..').getByPlaceholder('Item Code', { exact: true }).first()\u001b[22m\n\u001b[2m    99 × locator resolved to <input type=\"text\" role=\"combobox\" class=\"cs-input\" data-v-d10c49f3=\"\" autocomplete=\"false\" aria-expanded=\"false\" aria-disabled=\"false\" placeholder=\"Item Code\" aria-autocomplete=\"list\" value=\"STO-ITEM-2026-00072\" aria-controls=\"radix-vue-combobox-content-v-7\"/>\u001b[22m\n\u001b[2m       - unexpected value \"STO-ITEM-2026-00072\"\u001b[22m\n\n    at C:\\Playwright_Automation\\Shamel\\srs-material-request.spec.ts:345:42",
                        "location": {
                          "file": "C:\\Playwright_Automation\\Shamel\\srs-material-request.spec.ts",
                          "column": 42,
                          "line": 345
                        },
                        "snippet": "  343 |     await row.getByRole('cell').first().click();\n  344 |     await dialog.getByRole('button', { name: /Get Items|Add|Select|Confirm|Done/ }).first().click();\n> 345 |     await expect(mrPage.row(0).itemCode).toHaveValue(new RegExp(ITEM_NAME), { timeout: 60_000 });\n      |                                          ^\n  346 |     await expect(mrPage.row(0).qty).toHaveValue('6');\n  347 |   });\n  348 | });"
                      },
                      "errors": [
                        {
                          "location": {
                            "file": "C:\\Playwright_Automation\\Shamel\\srs-material-request.spec.ts",
                            "column": 42,
                            "line": 345
                          },
                          "message": "Error: \u001b[2mexpect(\u001b[22m\u001b[31mlocator\u001b[39m\u001b[2m).\u001b[22mtoHaveValue\u001b[2m(\u001b[22m\u001b[32mexpected\u001b[39m\u001b[2m)\u001b[22m failed\n\nLocator: getByRole('main').locator('//h3[normalize-space(.)=\"Items Record\"]/../..').getByPlaceholder('Item Code', { exact: true }).first()\nExpected pattern: \u001b[32m/PW MR Stock Item/\u001b[39m\nReceived string:  \u001b[31m\"STO-ITEM-2026-00072\"\u001b[39m\nTimeout: 60000ms\n\nCall log:\n\u001b[2m  - Expect \"toHaveValue\" getByRole('main').locator('//h3[normalize-space(.)=\"Items Record\"]/../..').getByPlaceholder('Item Code', { exact: true }).first() with timeout 60000ms\u001b[22m\n\u001b[2m  - waiting for getByRole('main').locator('//h3[normalize-space(.)=\"Items Record\"]/../..').getByPlaceholder('Item Code', { exact: true }).first()\u001b[22m\n\u001b[2m    99 × locator resolved to <input type=\"text\" role=\"combobox\" class=\"cs-input\" data-v-d10c49f3=\"\" autocomplete=\"false\" aria-expanded=\"false\" aria-disabled=\"false\" placeholder=\"Item Code\" aria-autocomplete=\"list\" value=\"STO-ITEM-2026-00072\" aria-controls=\"radix-vue-combobox-content-v-7\"/>\u001b[22m\n\u001b[2m       - unexpected value \"STO-ITEM-2026-00072\"\u001b[22m\n\n\n  343 |     await row.getByRole('cell').first().click();\n  344 |     await dialog.getByRole('button', { name: /Get Items|Add|Select|Confirm|Done/ }).first().click();\n> 345 |     await expect(mrPage.row(0).itemCode).toHaveValue(new RegExp(ITEM_NAME), { timeout: 60_000 });\n      |                                          ^\n  346 |     await expect(mrPage.row(0).qty).toHaveValue('6');\n  347 |   });\n  348 | });\n    at C:\\Playwright_Automation\\Shamel\\srs-material-request.spec.ts:345:42"
                        }
                      ],
                      "stdout": [],
                      "stderr": [],
                      "retry": 0,
                      "startTime": "2026-10-07T12:26:21.562Z",
                      "annotations": [
                        {
                          "type": "SRS",
                          "description": "UC2 Get Items From Sales Order: items copied (TC-GI)",
                          "location": {
                            "file": "C:\\Playwright_Automation\\Shamel\\srs-material-request.spec.ts",
                            "line": 336,
                            "column": 7
                          }
                        }
                      ],
                      "attachments": [
                        {
                          "name": "screenshot",
                          "contentType": "image/png",
                          "path": "C:\\Playwright_Automation\\test-results\\srs-material-request-Get-I-2f772-items-with-their-quantities-chromium\\test-failed-1.png"
                        },
                        {
                          "name": "video",
                          "contentType": "video/webm",
                          "path": "C:\\Playwright_Automation\\test-results\\srs-material-request-Get-I-2f772-items-with-their-quantities-chromium\\video.webm"
                        },
                        {
                          "name": "error-context",
                          "contentType": "text/markdown",
                          "path": "C:\\Playwright_Automation\\test-results\\srs-material-request-Get-I-2f772-items-with-their-quantities-chromium\\error-context.md"
                        }
                      ],
                      "errorLocation": {
                        "file": "C:\\Playwright_Automation\\Shamel\\srs-material-request.spec.ts",
                        "column": 42,
                        "line": 345
                      }
                    }
                  ],
                  "status": "unexpected"
                }
              ],
              "id": "de92fb1d85d71b706891-99a9b4df1f68158b70d2",
              "file": "srs-material-request.spec.ts",
              "line": 336,
              "column": 7
            }
          ]
        }
      ]
    }
  ],
  "errors": [],
  "stats": {
    "startTime": "2026-10-07T12:03:55.136Z",
    "duration": 1466574.576,
    "expected": 12,
    "skipped": 0,
    "unexpected": 25,
    "flaky": 0
  }
}
